--
-- PostgreSQL database dump
--

-- Dumped from database version 13.13 (Debian 13.13-0+deb11u1)
-- Dumped by pg_dump version 13.13 (Debian 13.13-0+deb11u1)

SET statement_timeout = 0;
SET lock_timeout = 0;
SET idle_in_transaction_session_timeout = 0;
SET client_encoding = 'UTF8';
SET standard_conforming_strings = on;
SELECT pg_catalog.set_config('search_path', '', false);
SET check_function_bodies = false;
SET xmloption = content;
SET client_min_messages = warning;
SET row_security = off;

--
-- Name: populationrecord; Type: TYPE; Schema: public; Owner: -
--

CREATE TYPE public.populationrecord AS (
	tablename text,
	ntuples integer
);


--
-- Name: dbpop(); Type: FUNCTION; Schema: public; Owner: -
--

CREATE FUNCTION public.dbpop() RETURNS SETOF public.populationrecord
    LANGUAGE plpgsql
    AS $$
declare
	rec record;
	qry text;
	res PopulationRecord;
	num integer;
begin
	for rec in select tablename from pg_tables where schemaname='public' order by tablename
	loop
		qry := 'select count(*) from ' || quote_ident(rec.tablename);
		execute qry into num;
		res.tablename := rec.tablename; res.ntuples := num;
		return next res;
	end loop;
	return;
end;
$$;


SET default_tablespace = '';

SET default_table_access_method = heap;

--
-- Name: checkpoints; Type: TABLE; Schema: public; Owner: -
--

CREATE TABLE public.checkpoints (
    id integer NOT NULL,
    route_id integer NOT NULL,
    ordering integer NOT NULL,
    location text NOT NULL,
    distance integer,
    CONSTRAINT checkpoints_distance_check CHECK ((distance >= 0)),
    CONSTRAINT checkpoints_ordering_check CHECK ((ordering > 0))
);


--
-- Name: events; Type: TABLE; Schema: public; Owner: -
--

CREATE TABLE public.events (
    id integer NOT NULL,
    name text NOT NULL,
    route_id integer NOT NULL,
    held_on date NOT NULL
);


--
-- Name: participants; Type: TABLE; Schema: public; Owner: -
--

CREATE TABLE public.participants (
    id integer NOT NULL,
    person_id integer NOT NULL,
    event_id integer NOT NULL
);


--
-- Name: people; Type: TABLE; Schema: public; Owner: -
--

CREATE TABLE public.people (
    id integer NOT NULL,
    name text NOT NULL,
    d_o_b date NOT NULL
);


--
-- Name: reaches; Type: TABLE; Schema: public; Owner: -
--

CREATE TABLE public.reaches (
    partic_id integer NOT NULL,
    chkpt_id integer NOT NULL,
    at_time integer,
    CONSTRAINT reaches_at_time_check CHECK ((at_time >= 0))
);


--
-- Name: routes; Type: TABLE; Schema: public; Owner: -
--

CREATE TABLE public.routes (
    id integer NOT NULL
);


--
-- Data for Name: checkpoints; Type: TABLE DATA; Schema: public; Owner: -
--

COPY public.checkpoints (id, route_id, ordering, location, distance) FROM stdin;
1	1	1	Coogee Beach	0
3	1	2	Clovelly Beach	2
4	1	3	Bronte Beach	3
6	1	5	Marks Park	4
9	1	6	Bondi Beach	5
12	1	7	North Bondi	6
15	3	1	Yarra Bend Park	0
17	3	2	Bellbird Park	5
19	3	3	Yarra Boulevard	13
22	3	4	Boathouse Drive	19
25	3	5	Point Park	24
27	3	6	Port Melbourne SLSC	30
30	3	7	St. Kilda Beach	35
31	6	1	Pioneers Park	0
32	6	2	North Bondi SLSC	13
34	6	3	Christison Park	19
37	6	4	Watsons Bay	21
40	6	5	Lyne Park	24
43	6	6	Rushcutters Bay	28
44	6	7	Sydney Opera House	35
47	7	1	Palm Beach	0
49	7	2	Bilgola Beach SLSC	9
50	7	3	Apex Park	14
53	7	4	Narrabeen Beach	20
56	7	5	Dee Why SLSC	27
58	7	6	McKillop Park	31
61	7	7	Manly Beach	35
62	9	1	Curlew Park	0
65	9	2	Nudgee Beach Wetlands	10
68	9	3	Kedron Brook	15
69	9	4	Clayfield	19
70	9	5	Newstead Park	23
72	9	6	New Farm	30
73	9	7	Botanic Gardens	35
75	10	1	Milsons Point	0
77	10	2	Harbour Bridge	2
80	10	3	Darling Harbour	5
83	10	4	Hickson Road	10
86	10	5	Hyde Park	13
89	10	6	Centennial Park	17
92	10	8	Moore Park	22
94	10	9	Sydney Park Road	24
95	10	10	Woolahra	28
98	10	11	Taylor Square	32
101	10	12	Museum Station	35
104	10	13	Bennelong Point	39
106	10	14	Sydney Opera House	43
\.


--
-- Data for Name: events; Type: TABLE DATA; Schema: public; Owner: -
--

COPY public.events (id, name, route_id, held_on) FROM stdin;
1	Eastern Suburbs Coastal Walk	1	2020-07-19
3	Eastern Suburbs Coastal Walk	1	2021-03-17
6	Eastern Suburbs Coastal Walk	1	2022-04-21
9	Really Long Walk, Melbourne	3	2021-01-22
12	Really Long Walk, Melbourne	3	2022-03-14
15	Really Long Walk, Eastern Suburbs	6	2020-07-07
17	Really Long Walk, Eastern Suburbs	6	2021-07-17
18	Really Long Walk, Eastern Suburbs	6	2022-11-18
20	Really Long Walk, Northern Beaches	7	2020-08-04
22	Really Long Walk, Northern Beaches	7	2021-06-20
25	Really Long Walk, Northern Beaches	7	2022-05-13
29	Really Long Walk, Brisbane	9	2021-12-08
31	Really Long Walk, Brisbane	9	2022-11-28
34	Sydney Marathon	10	2020-04-02
36	Sydney Marathon	10	2021-08-26
39	Sydney Marathon	10	2022-04-18
\.


--
-- Data for Name: participants; Type: TABLE DATA; Schema: public; Owner: -
--

COPY public.participants (id, person_id, event_id) FROM stdin;
11722	1379	39
11724	1380	39
11727	1392	39
11728	1397	39
11729	1398	39
11730	1401	39
11733	1403	39
11736	1406	39
11738	1407	39
11741	1411	39
11744	1413	39
11747	1419	39
11749	1420	39
11750	1423	39
11751	1430	39
11754	1431	39
11756	1436	39
11757	1446	39
11760	1449	39
11761	1451	39
11763	1454	39
11765	1457	39
11766	1462	39
11769	1473	39
11772	1476	39
11773	1479	39
11774	1480	39
11775	1483	39
11778	1497	39
11780	1502	39
11781	1518	39
11784	1524	39
11787	1546	39
11788	1577	39
11790	1582	39
11791	1589	39
10001	11	1
10002	15	1
10003	19	1
10005	24	1
10008	26	1
10009	31	1
10011	35	1
10012	42	1
10015	43	1
10018	46	1
10020	52	1
10023	53	1
10026	55	1
10029	61	1
10030	69	1
10032	70	1
10035	73	1
10037	76	1
10040	77	1
10042	81	1
10044	84	1
10047	92	1
10049	97	1
10050	109	1
10051	116	1
10052	120	1
10054	121	1
10057	124	1
10058	126	1
10059	128	1
10062	137	1
10063	140	1
10065	156	1
10067	167	1
10069	169	1
10070	170	1
10073	171	1
10076	173	1
10079	174	1
10080	180	1
10082	181	1
10085	183	1
10086	186	1
10087	188	1
10088	194	1
10089	199	1
10090	200	1
10093	202	1
10096	206	1
10098	210	1
10100	212	1
10101	214	1
10102	216	1
10104	219	1
10106	226	1
10108	229	1
10111	230	1
10112	233	1
10114	240	1
10117	241	1
10120	248	1
10123	252	1
10125	257	1
10128	262	1
10130	267	1
10132	268	1
10134	277	1
10135	278	1
10136	1	3
10139	9	3
10141	14	3
10142	15	3
10143	16	3
10145	19	3
10146	26	3
10147	31	3
10148	32	3
10149	35	3
10151	36	3
10152	43	3
10154	47	3
10156	50	3
10158	52	3
10160	53	3
10163	55	3
10164	61	3
10166	63	3
10167	66	3
10170	69	3
10172	70	3
10173	77	3
10176	86	3
10178	88	3
10179	89	3
10181	95	3
10184	97	3
10186	100	3
10189	101	3
10191	102	3
10192	114	3
10194	118	3
10195	120	3
10198	124	3
10200	132	3
10201	137	3
10204	149	3
10205	151	3
10208	155	3
10209	156	3
10211	162	3
10213	166	3
10215	170	3
10218	174	3
10221	175	3
10222	189	3
10223	214	3
10224	216	3
10225	219	3
10227	226	3
10230	229	3
10232	230	3
10235	233	3
10236	235	3
10237	237	3
10238	243	3
10239	252	3
10241	260	3
10243	268	3
10244	269	3
10247	270	3
10249	275	3
10251	281	3
10252	2	6
10254	11	6
10257	14	6
10260	15	6
10262	21	6
10264	23	6
10267	32	6
10269	39	6
10271	42	6
10274	54	6
10275	55	6
10277	61	6
10278	65	6
10280	66	6
10281	69	6
10284	76	6
10285	77	6
10287	81	6
10290	89	6
10291	91	6
10294	92	6
10295	95	6
10296	102	6
10297	107	6
10298	111	6
10300	114	6
10301	116	6
10302	118	6
10303	121	6
10306	124	6
10308	127	6
10309	132	6
10312	152	6
10314	159	6
10317	164	6
10319	167	6
10322	170	6
10325	174	6
10328	175	6
10329	177	6
10331	183	6
10332	186	6
10335	188	6
10338	207	6
10340	212	6
10343	214	6
10345	226	6
10346	232	6
10349	237	6
10352	240	6
10353	248	6
10356	251	6
10358	257	6
10359	265	6
10362	273	6
10363	274	6
10364	282	6
10365	283	9
10366	298	9
10369	300	9
10372	302	9
10375	305	9
10378	311	9
10381	318	9
10384	327	9
10385	330	9
10387	333	9
10390	337	9
10393	351	9
10394	360	9
10396	362	9
10397	369	9
10400	370	9
10403	377	9
10405	385	9
10408	391	9
10411	398	9
10414	410	9
10415	413	9
10416	424	9
10418	434	9
10419	441	9
10421	447	9
10422	452	9
10425	459	9
10426	470	9
10429	473	9
10431	483	9
10434	485	9
10435	294	12
10436	295	12
10439	296	12
10440	305	12
10441	311	12
10444	313	12
10445	315	12
10447	317	12
10450	327	12
10451	328	12
10453	333	12
10455	336	12
10457	337	12
10459	341	12
10460	343	12
10462	346	12
10465	358	12
10467	362	12
10470	366	12
10472	369	12
10474	372	12
10475	377	12
10478	380	12
10481	393	12
10483	403	12
10485	407	12
10487	417	12
10488	419	12
10489	420	12
10491	422	12
10494	427	12
10496	429	12
10497	437	12
10498	439	12
10500	441	12
10502	443	12
10504	447	12
10505	449	12
10506	452	12
10509	454	12
10512	456	12
10513	468	12
10516	476	12
10518	480	12
10519	485	12
10522	486	15
10524	489	15
10525	494	15
10528	498	15
10530	502	15
10533	505	15
10536	512	15
10538	516	15
10540	520	15
10542	529	15
10544	534	15
10545	535	15
10546	540	15
10547	542	15
10550	544	15
10553	554	15
10554	558	15
10555	561	15
10556	563	15
10559	566	15
10561	572	15
10564	574	15
10566	579	15
10568	581	15
10570	588	15
10571	590	15
10574	596	15
10577	598	15
10579	603	15
10580	606	15
10583	608	15
10584	610	15
10586	624	15
10587	625	15
10588	634	15
10590	638	15
10592	648	15
10595	660	15
10598	670	15
10599	673	15
10602	677	15
10605	687	15
10606	700	15
10607	705	15
10610	717	15
10612	722	15
10613	725	15
10614	733	15
10617	735	15
10618	738	15
10620	741	15
10623	743	15
10625	746	15
10628	749	15
10629	751	15
10631	764	15
10633	769	15
10634	771	15
10637	778	15
10639	779	15
10642	782	15
10643	785	15
10645	787	15
10646	487	17
10647	489	17
10649	501	17
10651	524	17
10654	530	17
10656	532	17
10659	540	17
10662	544	17
10665	547	17
10667	553	17
10670	557	17
10671	566	17
10672	568	17
10674	574	17
10675	577	17
10678	587	17
10680	596	17
10683	598	17
10685	604	17
10686	606	17
10688	610	17
10689	612	17
10691	613	17
10692	617	17
10693	620	17
10696	638	17
10698	651	17
10701	657	17
10702	660	17
10703	663	17
10704	667	17
10705	673	17
10708	681	17
10711	682	17
10714	687	17
10715	688	17
10718	691	17
10719	696	17
10722	700	17
10723	708	17
10725	716	17
10726	717	17
10727	725	17
10728	728	17
10729	731	17
10731	738	17
10733	743	17
10734	745	17
10736	749	17
10739	753	17
10742	759	17
10744	767	17
10746	769	17
10749	774	17
10751	782	17
10752	785	17
10753	486	18
10754	489	18
10755	492	18
10756	494	18
10759	501	18
10761	507	18
10762	510	18
10765	512	18
10768	516	18
10771	524	18
10772	527	18
10775	534	18
10778	538	18
10781	542	18
10784	544	18
10786	559	18
10788	566	18
10790	567	18
10792	568	18
10794	576	18
10795	577	18
10796	581	18
10797	588	18
10798	600	18
10799	603	18
10801	604	18
10804	610	18
10806	612	18
10809	622	18
10811	627	18
10814	632	18
10815	634	18
10816	637	18
10819	638	18
10821	641	18
10824	645	18
10825	654	18
10827	657	18
10828	662	18
10829	667	18
10832	673	18
10835	676	18
10838	688	18
10840	691	18
10841	696	18
10842	699	18
10843	700	18
10846	703	18
10849	705	18
10851	708	18
10852	714	18
10854	717	18
10857	722	18
10858	725	18
10860	733	18
10863	735	18
10865	738	18
10866	741	18
10868	743	18
10870	746	18
10872	749	18
10873	753	18
10876	759	18
10879	761	18
10881	763	18
10884	769	18
10887	771	18
10889	774	18
10890	778	18
10892	779	18
10893	782	18
10894	789	20
10895	790	20
10896	791	20
10899	794	20
10901	795	20
10903	796	20
10906	799	20
10909	803	20
10911	810	20
10913	817	20
10914	831	20
10916	834	20
10919	836	20
10921	840	20
10922	843	20
10925	851	20
10926	853	20
10928	855	20
10931	858	20
10934	863	20
10936	869	20
10939	870	20
10941	872	20
10942	873	20
10943	877	20
10946	886	20
10948	892	20
10949	894	20
10951	897	20
10953	900	20
10955	904	20
10956	907	20
10957	912	20
10959	920	20
10961	922	20
10964	923	20
10967	924	20
10970	935	20
10971	940	20
10973	942	20
10976	945	20
10978	946	20
10979	948	20
10982	953	20
10985	957	20
10986	969	20
10987	983	20
10988	987	20
10989	989	20
10990	990	20
10992	991	20
10993	993	20
10995	996	20
10996	997	20
10997	1003	20
11000	1008	20
11003	1014	20
11004	1017	20
11006	1021	20
11007	1025	20
11010	1032	20
11013	1036	20
11016	1050	20
11018	1054	20
11020	1057	20
11022	1061	20
11024	1062	20
11026	1064	20
11028	1066	20
11029	1068	20
11031	1069	20
11034	1078	20
11037	790	22
11040	791	22
11043	793	22
11046	795	22
11047	796	22
11050	798	22
11053	803	22
11056	816	22
11057	817	22
11059	818	22
11062	819	22
11064	825	22
11065	831	22
11068	834	22
11069	836	22
11072	840	22
11074	848	22
11076	853	22
11078	856	22
11080	862	22
11083	870	22
11084	875	22
11085	883	22
11087	888	22
11089	892	22
11090	895	22
11091	905	22
11093	906	22
11094	907	22
11097	909	22
11099	912	22
11100	914	22
11103	919	22
11104	922	22
11107	924	22
11108	927	22
11111	928	22
11112	932	22
11115	935	22
11116	953	22
11119	957	22
11122	978	22
11123	987	22
11124	991	22
11127	996	22
11128	1008	22
11129	1014	22
11130	1018	22
11133	1021	22
11135	1028	22
11137	1029	22
11139	1039	22
11142	1044	22
11145	1047	22
11147	1050	22
11148	1064	22
11150	1069	22
11153	1081	22
11155	1082	22
11156	796	25
11157	800	25
11158	807	25
11159	817	25
11160	819	25
11161	825	25
11163	834	25
11166	842	25
11169	845	25
11170	855	25
11172	856	25
11174	858	25
11177	862	25
11179	869	25
11182	880	25
11185	883	25
11187	884	25
11188	886	25
11189	888	25
11191	889	25
11194	893	25
11195	901	25
11198	904	25
11200	906	25
11203	909	25
11205	912	25
11207	914	25
11209	919	25
11210	920	25
11213	922	25
11214	923	25
11215	924	25
11217	927	25
11220	928	25
11222	933	25
11224	935	25
11226	938	25
11229	940	25
11231	951	25
11234	953	25
11235	955	25
11237	957	25
11240	960	25
11243	967	25
11245	969	25
11247	972	25
11248	980	25
11250	983	25
11252	984	25
11255	987	25
11258	989	25
11261	990	25
11264	993	25
11265	996	25
11268	997	25
11271	1003	25
11273	1006	25
11275	1008	25
11278	1011	25
11279	1012	25
11281	1014	25
11282	1021	25
11284	1028	25
11287	1029	25
11288	1039	25
11289	1047	25
11290	1050	25
11291	1052	25
11293	1057	25
11294	1062	25
11297	1068	25
11300	1071	25
11301	1074	25
11303	1081	25
11304	1087	29
11306	1090	29
11309	1092	29
11310	1094	29
11313	1100	29
11316	1105	29
11317	1106	29
11318	1108	29
11320	1109	29
11322	1114	29
11324	1118	29
11326	1121	29
11327	1124	29
11329	1134	29
11331	1136	29
11332	1144	29
11334	1149	29
11337	1151	29
11338	1152	29
11339	1156	29
11342	1163	29
11344	1169	29
11346	1190	29
11348	1195	29
11351	1199	29
11353	1202	29
11356	1204	29
11358	1206	29
11361	1215	29
11364	1218	29
11366	1220	29
11367	1224	29
11370	1227	29
11372	1234	29
11375	1238	29
11378	1239	29
11380	1244	29
11381	1247	29
11382	1256	29
11383	1270	29
11385	1087	31
11387	1090	31
11390	1101	31
11393	1104	31
11395	1105	31
11396	1106	31
11399	1121	31
11401	1124	31
11403	1141	31
11406	1143	31
11408	1144	31
11410	1147	31
11413	1148	31
11414	1149	31
11415	1151	31
11417	1158	31
11418	1160	31
11420	1163	31
11421	1174	31
11422	1194	31
11423	1201	31
11425	1206	31
11426	1209	31
11428	1220	31
11429	1224	31
11430	1232	31
11431	1239	31
11432	1244	31
11433	1247	31
11436	1251	31
11438	1253	31
11441	1256	31
11442	1266	31
11445	1273	31
11447	1277	31
11449	1278	34
11452	1282	34
11455	1287	34
11456	1291	34
11459	1297	34
11460	1300	34
11461	1304	34
11462	1306	34
11464	1310	34
11466	1312	34
11467	1329	34
11468	1352	34
11471	1355	34
11473	1356	34
11475	1361	34
11478	1363	34
11481	1370	34
11482	1373	34
11483	1374	34
11485	1385	34
11488	1392	34
11491	1409	34
11492	1411	34
11494	1416	34
11495	1424	34
11496	1427	34
11498	1430	34
11500	1431	34
11502	1443	34
11505	1445	34
11507	1446	34
11508	1449	34
11509	1454	34
11510	1457	34
11513	1464	34
11514	1473	34
11517	1479	34
11520	1494	34
11521	1507	34
11524	1513	34
11526	1523	34
11528	1524	34
11529	1525	34
11532	1532	34
11533	1541	34
11534	1546	34
11536	1548	34
11538	1550	34
11539	1558	34
11541	1572	34
11544	1575	34
11545	1577	34
11546	1578	34
11549	1582	34
11552	1583	34
11553	1585	34
11555	1586	34
11556	1588	34
11557	1589	34
11558	1282	36
11559	1297	36
11561	1301	36
11562	1310	36
11564	1312	36
11566	1320	36
11568	1323	36
11571	1340	36
11573	1348	36
11575	1350	36
11577	1355	36
11578	1361	36
11580	1365	36
11581	1367	36
11583	1369	36
11586	1370	36
11587	1386	36
11589	1397	36
11590	1401	36
11593	1407	36
11596	1411	36
11599	1416	36
11602	1419	36
11605	1420	36
11608	1424	36
11610	1427	36
11613	1431	36
11616	1433	36
11619	1443	36
11622	1444	36
11625	1445	36
11626	1457	36
11627	1464	36
11630	1468	36
11632	1473	36
11634	1476	36
11636	1483	36
11638	1489	36
11639	1497	36
11642	1498	36
11645	1515	36
11646	1525	36
11648	1526	36
11649	1538	36
11652	1543	36
11653	1551	36
11655	1555	36
11657	1562	36
11658	1565	36
11661	1568	36
11662	1572	36
11663	1578	36
11665	1583	36
11666	1585	36
11669	1586	36
11670	1281	39
11672	1282	39
11675	1287	39
11677	1290	39
11678	1294	39
11679	1297	39
11680	1304	39
11682	1306	39
11684	1314	39
11685	1316	39
11687	1320	39
11690	1329	39
11691	1332	39
11693	1334	39
11696	1338	39
11699	1340	39
11700	1345	39
11703	1348	39
11706	1350	39
11708	1361	39
11711	1365	39
11712	1367	39
11715	1370	39
11716	1372	39
11717	1373	39
11718	1374	39
11720	1377	39
\.


--
-- Data for Name: people; Type: TABLE DATA; Schema: public; Owner: -
--

COPY public.people (id, name, d_o_b) FROM stdin;
1	Lachlan Narayan	1990-11-10
2	Christopher Ho	1999-10-19
5	Emilie Stoddern	1997-11-09
7	Maja Schloeffel	1993-01-01
9	Joshua Ryan	1999-06-14
14	Kesson Zhong	1988-10-10
15	Jessica Ou Yang	1996-08-03
16	Charlotte Hui	1990-03-16
19	Carli Ahamed Jiffry	1996-02-16
21	Jessica Yee	1998-08-10
23	Ericka Reed	1999-11-06
24	Renee Sleiman	1981-08-27
26	Christopher Li	1995-11-28
28	Alexandra Gopalan	2000-03-16
31	Megan Hopkins	1998-08-20
32	Jack Huang	1991-12-05
33	Caesar Lai	2005-03-11
35	Monisha Jenson	1991-05-05
36	Katrina Roydhouse	1997-02-15
39	Christy Siddiqui	1999-01-20
42	Brendan Cho	1996-06-12
43	Joel Russo	1998-01-25
46	Earl Balaton	1995-06-25
47	Loc Song	1991-05-26
50	Victor Ming	2005-12-24
52	Jessica Rawnsley	1995-10-07
53	Bryce Rizzo-Smith	1994-03-03
54	Hoda Kite	1994-11-26
55	Alexander Yates	1992-04-23
58	Palani Michael	1991-05-26
61	Claudio-Vito Zhou	1999-12-05
63	Christine Gilbert	1991-05-05
65	Jessica Rong	1991-12-11
66	Weems Tolentino	1996-02-20
69	Matthew Lee	1990-02-12
70	Gryphon Rao	1994-05-13
72	Joshua Martin	2000-01-05
73	Timotius Wong	1999-03-16
74	Alice Huang	1994-10-01
76	Jani Barter-Konecny	1994-05-16
77	Christopher Lang	1986-07-09
78	Jacqueline Phu	1987-01-25
81	Daniel Dunn	1991-10-21
84	Michaela Hart	2005-11-20
86	Jenjira Mills	1991-05-06
88	Samson Taylor	1994-11-18
89	Simon Kelly	1999-01-03
90	Caitlin Lay	2002-06-05
91	Casey Koto	1998-09-25
92	Sarfraz Papadopoulos	1994-10-07
95	Spencer He	1993-12-18
97	Anthony Kouloukakis	1997-02-16
100	Michael Maqsood	2001-05-10
101	Dheeraj Qiang	1998-07-23
102	Pearl Yung	1996-04-20
105	Michael Golfinopoulos	2002-05-22
106	Vincy Zhou	1994-02-08
107	Rowan Sahyouni	2001-12-27
109	Marc Adelstein	1998-07-04
110	Nathan Zhang	1993-04-24
111	Clara Cohen	1991-02-08
114	Riley Rahman	1999-09-17
116	Emily Soon	1995-01-12
118	Jeron Lin	1999-01-02
120	Alexander Zaman	1991-10-15
121	Vivian Deano	1994-05-25
124	Christy Wong	1991-08-26
126	Ruth Singh	1993-01-18
127	Ashleigh Chao	1995-08-01
128	Sophie Tan	1998-06-02
130	Mohammed Stuart	1986-09-20
132	Arunen Jung	2005-04-04
135	Justin Lau	1980-08-02
137	Claudia Nicolle	1993-05-12
140	Alysha Sutherland	1991-04-20
143	Catalina Lin	1994-09-14
146	Adam Cao	1997-10-13
149	Judith Susanto	1996-05-12
151	Atul Jones	1992-01-02
152	Syed Gilbert	1983-06-21
155	Natalie Calik	1998-05-06
156	Allen Starkovski	1997-10-24
159	Olivia Parata	1995-12-19
162	Georgia Malhotra	1996-03-03
164	Jordan Hamann	1980-11-25
166	Katherine Coase	1991-02-25
167	Lydia Coe	1992-03-24
169	Ellen Hall	1986-06-13
170	Emilia Zaric	1996-03-20
171	Emily Roy-Choudhury	2004-12-12
173	Samantha Georgieff	1995-04-21
174	Rebecca Lin	1980-06-07
175	Jackson Stott	1982-11-20
177	Stephen Reid	1995-01-22
179	Madeleine Huang	1986-06-04
180	Sean Grauf	1994-05-20
181	Young Sanders	1991-06-05
183	Akhil Pokorny	1999-09-06
186	Glenn Sit	1990-01-12
188	Simran Tjo	1996-09-21
189	Kevin Coles	1993-08-25
191	Joseph Erasito	2002-05-13
194	Nicholas Talarico	1993-03-09
197	Simona Lin	1985-02-14
199	Paris Brown	1989-04-27
200	Anand Nguyen	2005-10-11
202	Daniel Elliston	2000-10-18
203	Emma Zhou	1998-02-14
206	Jessica Yan	1993-09-25
207	Carl Anastopoulos	1994-04-18
210	Anastasia Menon	1997-02-01
212	Hector Shin	1997-11-22
214	Jake Mamoon	1997-05-21
216	Clement Johnson	1996-08-09
219	Daniel Vu	1995-02-21
222	Zhiyuan Itil	1993-03-19
224	Keenan Williams	1993-07-27
225	Eliza Butterworth	1993-01-26
226	Aziza Cen	1992-01-23
230	Wesley Dobson	1995-11-20
232	Jason He	1998-04-23
233	David Mercer	1999-03-20
235	Sarah Hughes	1991-06-27
237	Gavin Samson	1992-07-11
239	Aurpa Qian	1995-05-13
240	Paul Della-Bosca	2005-01-27
241	David Kong	1997-05-11
243	Balakumar Fang	1995-01-21
245	Elizabeth Stevens	2003-08-22
248	Grace Nguyen	1992-10-02
251	Torey Vaillant	2000-07-26
252	Dylan Power	1998-06-13
255	Leo Fallon	1997-12-08
257	Savanna Jayasuriya	1991-12-17
260	Erin Elogious	1993-03-05
262	Avanthi Wang	1992-10-09
265	Vanessa Agaba	1993-01-14
267	Eric Mayoh	1996-02-01
268	Joel Gourlay	1997-10-15
269	Samantha Iqbal	1981-08-03
270	Daniel Hughes	1990-04-18
273	Andrei-Iulian Straka	1992-01-05
274	Anna Grant	1997-08-06
275	Kevin Ghrayche	1995-09-09
277	Christopher Sriram	1998-11-18
278	Declan Kundap	1992-12-16
281	Harris Watts	1990-04-09
282	Nicholas Cheung	2002-02-16
283	Christie Anderson	1995-11-21
285	Hazel Duong	1982-01-05
229	Chris Constantinidis	1992-07-02
286	Jia Page	1998-03-11
289	Kevin Kim	1988-04-14
290	Caitlin Benson	1991-07-04
291	Tess Mills-Izard	1995-05-01
294	Remy Pham	1996-11-16
295	Mark Lee	1999-01-05
296	Sam Synge	1999-09-19
298	Isabella Liu	1992-11-04
299	Hugh Lee	1997-12-08
300	Raphael Pham	1996-08-27
302	Savio Zhang	1995-09-10
305	Olivia Compton	1999-08-24
308	Josephine Osmond	1992-07-13
311	Divya Harford	1992-05-06
313	James Tang	1990-03-01
315	Jenny Carroll	1994-12-06
316	Si Butorac	1996-03-13
317	Adam Khatri	1991-09-13
318	Omar Jan	1986-01-04
321	Janet Lam	1993-09-25
324	Sarah Kha	1995-03-05
327	George Tian	1998-11-19
328	Matthew Ying	1997-11-16
329	Yash Huh	1990-03-14
330	Nathan Isakov	1995-11-14
333	Crystal Gold	1993-05-10
336	Thomas Oates	1990-11-25
337	An McCraith	1980-04-02
338	Fa Xi	1999-03-21
341	Holly Pilgrim	1980-11-01
343	William Qi	1990-12-06
346	Ming Lim	1993-02-20
349	Navreet Feng	2002-07-17
351	Jairaj Lee	1990-02-04
354	Ted Longhi	1995-12-19
357	Jennifer Choi	1997-12-18
358	Martin Egan	1990-01-19
360	Jacob Hauser	1992-02-02
362	Sarah McFarland	1990-11-04
364	Quincy Shin	1990-12-22
365	Siu Ali	1991-09-22
366	Nathan Man	1999-11-22
369	Gigi Hall	1991-08-11
370	Stephanie Nguyen	1995-06-22
372	Natalie Crisp	1994-12-06
374	Jayden Straub	1990-12-15
377	Ashleigh Gurtala	1994-11-22
379	Holly Tahiri	1983-04-11
380	Tyler Tse	1999-07-08
382	Emily Santhirarajah	1994-05-21
385	Nicholas Pilatos	1984-05-27
388	Jonathan Hawke	1999-03-06
391	Rachel Nguyen	2002-03-19
393	Sean Gossling	1995-08-25
394	Katherine Han-McEvoy	1996-03-02
395	Pang De Sousa	1983-10-18
398	Tony Tizzone	1995-03-15
400	Frances Wong	2005-11-23
403	Benjamin Savage	1999-09-26
406	Joshua O'Connor	1995-03-02
407	Shaun West	2000-03-21
410	Daniel Millett	1999-08-27
413	Franco Enemuwe	1998-05-26
414	Donna Jakic	1997-06-21
415	Thomas Doolan	1992-07-01
417	Christopher Kinross	1999-11-13
419	Matthew Swersky	1991-09-22
420	Hannah Deng	1990-03-12
422	Akhil Hatzakis	1994-01-28
424	Grant Jiang	1990-01-07
425	Eugene Zhou	2004-11-28
427	Neil Liang	1991-11-09
429	Wali Keung	1990-04-26
431	Aaron Puri	1993-10-11
433	Katrina Bassett	1999-01-17
434	Leebien Cardassilaris	1992-07-22
439	Jessica Wu	1994-12-16
441	Mitchell Little	1986-01-05
443	Natalie Nguyen	1995-03-10
445	Joshua Saravanan	2005-11-14
447	James Hehir	1999-07-11
449	Kenward Guo	1993-05-11
452	Handryawan Han	1993-07-03
454	Lily Zhu	1991-02-04
456	Christopher Hitanaya	1991-04-12
459	Mark Padmadiredja	1993-10-12
462	Ivy Bassi	1998-06-09
465	Jeffrey Tran	1995-11-12
468	Pranav Orr	1996-11-21
470	Anna Webb	1995-09-28
473	Manish Ayad	1991-05-12
476	Luke Glass	1997-09-02
477	Ajit Lin	1993-10-23
478	Jordan Glazer	1994-05-28
480	Victoria Brown	1992-04-08
483	John Ng	1992-09-03
485	Samantha Cooper	1988-11-06
486	Nathan Song	1993-02-07
487	Jasmin Lin	1996-12-28
489	Jesse Wang	1995-11-09
492	Sharyn Li	2004-07-12
494	Pranav Le	2000-03-07
497	Michaela Ho	1997-08-12
498	Kang Banning	1992-03-20
501	Katherine Aczel	1990-05-22
502	Sophie Fishlock	1992-11-14
505	Allen Koh	1992-05-21
507	Phoebe Costello	1991-05-25
510	Lachlan Siskoski	1997-02-08
512	Joshua Polley	1991-10-13
513	David Fong	1998-03-20
516	Glenn Svilans	2001-08-16
519	Patrick Hughes	1993-10-16
520	Samuel Morakis	1991-11-15
521	Morgan McCarthy	1998-10-17
523	Toyimot Taylor	1992-09-02
524	Julian Chlek	1991-02-07
527	Shucheng Li	1992-05-16
529	Devansh Wheatley	1994-06-09
530	Andrew Baistow	1998-05-13
532	Elliot Cicchini	1999-11-03
534	Kieran Gillen	1999-11-22
535	Robert Davidson	1991-12-01
538	Beverly Venkataramani	1997-03-13
540	Vicki Tan	1997-03-27
542	Marika Ahamed Jiffry	2004-09-12
544	Asini Causley-Todd	1990-11-05
545	Abigail Paroissien	1993-02-12
547	Liam Richardson	1990-05-23
550	Bethany Bromage	1992-12-04
551	Adita Lyons	1991-03-28
553	Richard Holman	1997-02-17
554	David Nouri-Sorkhabi	1997-07-20
557	William Jiang	1999-03-26
558	Cher Pham	1994-05-20
559	Amira Fung	1990-04-28
561	Christopher Elogious	1993-08-10
563	Jack Choi	1990-01-25
566	Phuc Jones	1994-01-12
567	Phoebe Olsen	1993-08-28
568	Olivia O'Toole	1993-12-09
569	Gemma Bourke	1990-06-02
572	Munisa Emzin	1993-06-27
574	Armin Stewart	1993-05-21
576	Emily Bruce	1995-04-27
577	Daisy Choi	1996-07-09
578	Maya Moss	1992-10-05
579	Sharon Sudarshan	2003-03-19
581	Leo Ismail	1990-10-13
584	Leonard Honan	1997-12-10
585	Abhishek Eldridge	1993-12-21
587	Divy Kim	1997-05-21
590	Laura Wang	1995-01-08
593	William Tang	1991-02-18
596	Isabelle Rubic	1991-09-25
598	Reilly Handley	1980-11-17
600	Charlotte Gray	1992-08-01
602	Matthew Chiu	1999-01-15
603	Jean Kelly	1993-12-10
604	Guangyu English	1980-04-27
606	Pablo Wilkes	1995-12-02
608	Andrew Zhangbao	1998-05-21
610	Isabella Martin	1996-08-11
612	Regan Li	1990-08-23
613	Nathan Park	1997-05-09
616	Joshua Chang	1991-07-06
617	Thao-Vi Athavale	1993-03-27
620	Alexander Ting	1999-10-18
622	Georgina Wong	1988-06-08
624	Annika Wang	1991-12-24
625	Crystal Donnelly	1991-06-23
627	Brianna Shih	1994-08-18
629	John Wu	1987-02-21
632	Andrew Green	1986-09-21
634	Shamis Buchhorn	1992-09-25
637	Shirley Katsinas	1991-08-28
638	Stella Kumar	2001-09-08
641	David Uppal	1999-02-22
642	Adnan Birks	1995-11-25
645	Luke Lau	2004-10-05
648	Kate Gardoll	1985-01-16
651	Masuma Lo	1991-02-06
653	Elizabeth Li	1996-10-13
654	Dylan Osman	1994-08-09
657	Adrian Thewarapperuma	1987-01-08
660	Thomas Mitchell	1992-11-11
662	Jason Brandner	1993-10-16
663	Alexandra McKee	1997-03-05
664	Christy Papantoniou	1984-01-07
667	Dale Farrukh	1993-08-02
670	Thomas Sper	1996-03-15
673	Gillian Hawila	1997-08-12
676	Paul Davies	2002-06-13
677	Fiona Whitby	1996-02-28
679	Mark Guo	1981-05-08
681	Raymond Mesic-Lee	1996-07-04
682	Emma Berelowitz	1997-09-02
685	Rachna Li	1994-05-28
687	Mackenzie Ye	1991-08-15
688	Angela Madden	1999-05-23
691	Cambell Shah	1992-10-20
694	Claire Karmelich	1991-05-04
695	Yin Zeng	2004-07-24
696	Alexander Mynard	1991-05-08
699	Raphael Manjrekar	1993-05-09
700	Brian Trinkler	1994-09-08
703	Jessica Atkins	1998-07-24
705	Nicholas Molyneux	1993-05-16
708	Wilson Zhou	1996-10-18
709	Leyi Peterken	1998-02-28
712	Reginia Feng	1999-10-24
714	Cindy Nouri-Sorkhabi	1995-08-06
716	Ryan Saadie	2001-01-13
717	Melissa O'Loughlin	2000-06-15
719	Claire Lin	1991-05-07
721	Soumyadip Yeung	2002-02-14
722	Dominic Wen	1992-03-28
725	Nicole Tran	1996-05-12
728	Rachael Chuang	1992-03-25
731	Yi Younes	1991-12-14
733	Zainab Wu	1998-10-18
735	Raman Choi	2002-03-17
738	Elaine Chan	1992-09-01
741	Chadi Liu	1990-10-23
743	Hoai Lin	1999-05-23
745	Emily Hatzakis	1996-08-14
746	Kiara Nicolas	1999-07-13
749	Thomas Nguyen	1992-07-02
751	Nathan Thompson	1990-07-04
753	Vieley Nguyen	1996-02-15
756	Matthew Baidakova	1989-07-22
759	Vanessa Liao	1993-09-02
761	Ron Sun	1998-03-09
763	Claudia Gerber	1990-10-02
764	Jeffrey Nicdao	1991-02-06
767	William Couter	2000-11-20
769	Angelique Walker	1994-08-07
771	Constantine Thammavong	1998-01-11
774	Edmond Nguyen	1991-09-19
776	Matthew Al Mayahi	1995-08-26
778	Oliver Steele	1989-04-18
779	Alson Ho	1991-11-22
782	Reime Tan	1994-03-27
785	Tara Liang	2004-06-10
787	Alena Ma	1990-10-16
788	James Ferrier	1991-05-11
789	Dean Duong	2005-07-17
790	Balaki Ou	1993-05-26
791	Kim Kumara Devage	1997-08-04
793	Katherine Ruan	1995-11-13
794	Natalie Polley	1990-05-10
795	Emily Walsh	1992-08-08
796	Sipeng Timbs	1997-08-25
798	Marlon Kennedy	2003-11-28
799	Andrew Hwang	1997-10-24
800	Florim Kimber	1993-01-12
803	Janet Puri	2001-03-28
806	Yuanyuan Jorgensen	1998-01-08
807	Haddi Bansal	1984-02-21
810	Laura Hannigan	1998-12-06
813	John Ngo	1994-06-24
816	Alp Ahn	1997-04-23
817	Aniruddh Brennan	1994-03-10
818	Daniel Armbrecht	1997-03-13
819	Emma Wong	1998-04-03
821	Sophie Thiyambarawatte	1992-02-04
824	Joshua Flannigan	1987-08-26
825	Sarah Klotz	2001-12-18
828	Rowan Harris	1990-09-26
831	Kevin Bhatt	1994-08-08
834	Jamie Marley	1994-07-12
836	Yang Laalaa	1990-04-25
838	Jing Masina	1994-08-11
840	Nicole Ismail	1998-07-17
842	Quang Trevenna	1994-11-06
843	Stefan Black	1989-11-12
845	Joshua Yako	1991-01-14
848	Joshua Lee	1990-10-22
851	May Shum	1990-05-19
853	Lien Fidler	1998-02-24
855	Kalind Altit	1991-08-24
856	Ye Zhu	1993-05-11
858	Aniruddh Tran	1998-09-16
861	Daniel Brown	1996-08-08
862	James Thattamanivong	1997-06-01
863	Sean Salama	2001-03-07
866	Smriti Zheng	1990-02-16
869	Claire Straney	1995-12-20
870	Clayton Tamanaha	1997-10-04
872	Lisa Zotti	2000-09-23
873	Nicholas Fung	1992-06-19
875	Alexander Krikorian	1996-01-25
877	Daniel Zhang	1996-04-20
880	Kelvin Radge	1996-02-07
883	Vincent Annakin	1990-11-14
884	Erica Touma	1991-11-20
886	Yifan Goffin	1999-07-03
888	Rebecca Pham	1999-11-15
889	Frances Chee Hin Sam	1998-11-17
892	Hisham Tan	2005-08-12
893	Jasmin Hunyor	2004-06-13
894	Kiran Barratt	1981-04-13
895	Bhavesh Seeff	2000-03-03
897	Sophie Lajara	1994-11-04
900	Kevin Tizzone	2003-09-05
901	Millicent Yang	1994-01-24
902	Timothy Luong	1999-05-14
904	Wilson Kyriazis	1995-06-22
905	Rochelle Bishop	1999-04-14
906	Konstandinos Rivera	1989-05-25
907	Christine Macleod	1992-09-11
909	Richard McLachlan	1999-01-05
912	Isaac Thomas	1991-08-05
914	Eduard Bennett	1985-11-27
917	Victor Mowjsingh	1997-05-18
919	Jessica Paida	1992-07-28
920	Madison Murray	1989-05-28
922	Simon Jiang	1991-01-07
923	James Moffat	1999-06-08
924	David Wong	1997-06-27
927	Jennifer Ng	1998-05-06
928	Jim Sollano-Antonio	1995-04-03
929	Michael Jenkins	1991-02-08
932	Robert Nair	1991-09-19
933	Jessica Ly	2005-03-07
935	Hao Nugent-Andrews	1998-08-25
938	Nae Robinson	1993-12-04
940	Lachlan Tang	1996-09-07
942	Selina De Cataldo	1992-12-16
945	Clinton Nirmal Raj	1997-05-15
946	Emma Karaboulis	1999-10-04
948	Leon Nguyen	1994-12-08
951	Yi Woo	1990-02-06
953	Andrew Hayes	1980-04-02
955	Jason Ta	1994-06-16
957	Christine Schneider	2004-07-15
960	Rachel McLean	1994-08-25
963	Naomi Taylor	1996-04-24
964	Kristen Sharp	1990-12-22
967	Tilly Pham	2000-04-28
969	Anne Chowdhury	1998-04-22
972	Lauren Zhang	1994-11-16
975	Perri Sison	1995-09-10
978	Ty Cardassilaris	1998-07-09
980	Debra Bian	1997-01-26
983	Ellen Poulos	1997-08-06
984	Krisie Cheng	1993-02-03
987	Aristides Hussain	1992-03-21
989	Zi Kundap	1991-06-05
990	Kieren Tse	1990-07-10
991	Ian Lloyd	1995-10-04
993	Sophie Heptinstall	1993-11-09
996	Jarred Jung	1995-06-01
997	Stephanie Lin	1991-08-01
999	Anthony Wheatley	1997-09-25
1001	Huiqi Domenici	1993-03-10
1003	Ashish Grovener	1997-03-04
1006	Riley Wolter	1998-09-21
1008	Henry Wu	2004-01-21
1009	Sarah Lao	1990-10-14
1011	Jenani Marcolin	1985-07-28
1012	Kim Huynh	1990-03-10
1014	Siddharth Lee	1996-02-24
1017	Manan Heath	2002-06-12
1018	Sunny Khan	1990-05-07
1021	Emily Guo	1990-11-03
1022	Dennis Goh	2004-06-16
1025	Sasha Zhang	1992-11-02
1028	Tom Schonberger	1996-09-19
1029	Dennis Tran	1998-01-14
1032	Sarah Antin	1980-12-05
1033	Ha Fernandez	1993-04-28
1036	Michelle Narayana	1999-11-12
1039	William Dan	1991-06-03
1041	Joanne Simeonides	1999-04-01
1044	Rachel Zhou	1992-11-27
1047	Vyaas Zheng	1992-05-20
1050	Yash Karantanis	1995-07-08
1052	Nathan Dellicompagni	1994-06-08
1053	Kieran Nguyen	1995-10-12
1054	Clancy Ratnam	1998-10-22
1057	Annie Wong	1999-07-04
1060	Susanna Stech	1994-09-26
1061	Andrew Klimczak	1999-07-23
1062	Stephanie Marosz	1999-04-08
1064	Marel Tran	1996-08-19
1065	Tieri Abdullah	1986-06-14
1066	William Piro	1998-12-11
1068	Nancy Huang	1992-12-23
1069	Julie Seymour	1991-01-08
1071	Paulinna Tara	1997-11-01
1074	Anna Conrad	1990-09-02
1075	Sally Lee	1993-11-16
1078	Tammy Klees	1995-04-23
1081	Stephanie Arifeen	1994-06-26
1082	Georgia Lai	1991-06-11
1084	Harrison Lee	1993-01-03
1087	Rebecca Skinner	1996-09-13
1090	Benjamin Trinh	1997-07-24
1092	Natalie Cheng	1997-01-16
1094	Benjamin Wadnere	1997-11-12
1097	Hannah Buckley	1992-09-07
1100	Elissa Kennedy	1993-11-03
1101	Sadia Henry	1998-03-06
1103	Briarna Kong	1995-12-25
1104	William Nest	2001-01-28
1105	Megan Lapidge	2003-06-12
1106	Cathy Philipson	1997-07-19
1108	Grace Qureshi	1998-05-28
1109	Annette Powell	1992-06-08
1111	Louis Aouad	1991-11-12
1113	Rita Wang	1982-10-23
1114	Ioana-Elisabeta Cawood	1997-04-12
1117	Hamze Su	2003-10-07
1118	Andrew Tan	1995-05-26
1119	Jarrad Zhang	1989-05-28
1121	Kevin Namakal	1989-01-07
1122	Aly Hong	1995-10-28
1124	Holly Kane	1990-11-19
1125	Jia McMahon	1993-08-13
1126	Angela Deakin	1998-03-11
1129	Jialu Oliver	1995-11-07
1131	Morgan Weller	1991-04-15
1134	Geoffrey Vivian	1999-03-09
1136	Lionel Alam	1995-03-28
1139	Matthew Trinh	2003-03-03
1141	Crystal Chen	2005-11-02
1143	Kelvin Boulle	1999-08-08
1144	Alexandra McPhee	1998-12-10
1145	Wilson Smith	1990-12-13
1147	Liam Mifsud	1983-09-13
1148	Ahmed Raza	1996-09-26
1149	Eunice Lin	2003-10-06
1151	Nicole Sanossian	1994-12-23
1152	Hannah Mehta	1990-10-21
1155	Nicholas Logeandran	1998-10-22
1156	Matthew Polkinghorne	1991-08-17
1158	Joshua Hasher	1999-10-05
1160	Karin Wong	1995-04-25
1163	Shakeel Lesiuk	1994-10-26
1166	Kadambari Firth	2000-06-06
1169	Daniel Du	1997-07-11
1171	Zaliha Seaman	1996-06-19
1174	Isabella Lin	1990-06-19
1175	Bhrizel Gillies	1994-07-16
1178	Kiara Couper	1993-07-24
1179	Wystan Akolkar	1990-12-10
1180	Monica Connor	1992-07-11
1182	Kyle Lewis	1995-08-21
1184	Elina Snoyman	1999-09-02
1187	James Wahlert	1998-04-06
1190	Saul Chee	1995-04-01
1191	Ray Liang	1997-12-24
1194	Lucy Southern	2005-09-04
1195	Nicholas Sajjad Bhutta	1992-03-02
1196	Rakesh Nguyen	1990-02-21
1199	Timothy Tighe	1993-02-15
1201	Rohan Zhao	1999-05-17
1202	Robert Wang	1999-11-28
1204	Holly Noronha	1996-01-18
1206	Ashley Watson	1984-09-01
1209	Sienna Bennett	1996-03-09
1212	Jessica Papas	1999-07-24
1213	Sumeet Nadeem	1995-08-24
1215	Adam Balding	1998-09-21
1218	Tommy Mulya	1985-02-18
1220	Olga Schonberger	1993-03-07
1221	Kelly Wu	1992-11-13
1224	Alexander Isaac	1996-04-09
1227	Thomas Kennedy	1991-01-04
1229	Kiran Zhang	1991-03-04
1231	Sean Zreika	1995-06-12
1232	Elizabeth Saini	1997-08-01
1234	Savitha Zissimatos	1998-01-06
1235	Manwella Smith	1993-08-04
1238	Jeremy Boyd	1991-05-20
1239	Janith Vo	1992-03-19
1242	Junhan Hedge	2001-01-17
1244	Eden Nomchong	1995-03-21
1247	Hoda Nota	1998-10-19
1250	Gabriel Norman	2002-12-28
1251	George Crisp	2000-05-19
1253	Miroslava Ma	2005-05-14
1254	Quyen Christodoulou	1999-10-03
1256	Kyle Warren	1997-06-20
1258	Ken Jain	1991-10-11
1260	Sarah Brown	2005-11-13
1263	Adita McGill	1998-06-25
1266	Dirk Hosking	1998-01-18
1267	James Lay	1988-10-03
1269	Julian Crocker	2004-03-15
1270	Raymond Love	1996-06-26
1273	Ruth Tompson	1994-03-11
1274	Elyse Prasad	1999-08-16
1277	Katrina Berengut	1980-08-16
1278	Cathy Chan	1990-10-05
1281	Phillip Jiang	1997-03-17
1282	Yamato Chang	1996-06-18
1284	An Wu	1997-06-23
1287	Stephen Deng	1996-06-06
1290	Cynthia Chen	1995-01-10
1291	Nadia Ratnabala	1998-11-17
1294	Milton El-Omari	1985-04-21
1297	Madeline Bulic	1985-06-25
1300	Kirsten Fitrzyk	1994-05-17
1301	Sen Wu	1997-08-24
1304	Danny Al-Ghattas	1992-10-07
1305	Yi Dong	1991-04-16
1306	Thomas Jansen	1992-08-18
1308	Eleanor Atwal	1997-10-06
1310	Lily Nguyen	2003-04-04
1312	Dylan Kakaroubas	2005-10-27
1314	Jeremy Hart	1996-02-26
1316	Kevin Hughes	1994-07-01
1319	Tarunbir Deweerd	1990-07-11
1320	Denean Taylor	1998-03-09
1323	John Pathak	1991-08-09
1326	Maria Rappoport	2003-01-01
1329	Mia-Jane Poidevin	1991-10-14
1332	Melena Iqbal	1991-02-04
1334	Lachlan Liu	2005-10-05
1335	Thanh Brown	1998-10-13
1338	Sarah Nguyen	1992-10-26
1340	Sean Liem	1993-05-07
1342	Hannah Cimino	2002-12-06
1345	Yizhi Thompson	1996-07-16
1348	Patrick McKenzie	1992-11-04
1350	Omar Park	1991-06-06
1352	Jack Enemuwe	1993-05-28
1355	Tony Vigneswaran	1991-11-06
1356	Ju Kanasugi	1995-04-20
1358	Jye Han	1997-08-06
1361	Ashleigh Boparai	1994-01-27
1363	Abigail Heptinstall	1993-04-18
1365	Lesa Hayes	1991-04-05
1367	Natalie Thompson	2002-12-19
1369	Roisin Choi	1999-03-03
1370	Amir Nissanka	1989-06-03
1372	Yvonne Samuel	1985-06-24
1373	Jay Lam	1990-10-27
1374	Sarine Fanaeian	1992-12-12
1377	Toby Bandaru	1998-12-05
1379	Hong Tran	1996-12-13
1380	Lam Acevedo	1995-07-27
1383	Ann Massih	1995-01-08
1385	Nicola Zhou	1991-07-14
1386	Amie Messina	1995-12-27
1389	Lokesh Chen	1990-08-02
1392	Ella Mendoza	1992-05-22
1395	Holly Nelapati	1993-10-25
1397	Constantinos Lobo	1991-10-09
1398	Rose Donovic	1998-03-09
1399	Olivia Kumthekar	1990-07-18
1401	Petra Johnson	1992-01-13
1403	Veronique Salame	1994-09-10
1406	Antonia Lin	1999-02-23
1407	Shan Milliner	2000-12-23
1409	Jimmy Nguyen	1991-05-27
1411	Alastair Koto	1995-02-16
1413	Rebecca Kim	1990-03-21
1416	Jessie Cooper	1995-02-10
1419	James Do	1998-01-13
1420	Oscar Tavakoli	1991-11-13
1423	Edward Femenias	1993-01-10
1424	Henry Wan	2001-11-05
1427	Michael Mortimer	1995-12-01
1430	Ya Gok	1995-03-21
1431	Erin Guo	2005-07-11
1433	Pritpal Imo	1991-04-24
1436	Kevin Pai Mangalore	1992-06-14
1438	Elina Whiddett	1994-12-03
1439	Jeffrey Salame	1998-04-19
1440	Romy Jablaoui	1994-06-22
1443	Matthew Sun	1997-03-01
1444	Geoffrey Shields	1993-06-02
1445	Samuel Thai	1991-07-14
1446	Emily Arrudsivah	1992-06-26
1448	Ashley Brandenburger	1994-02-16
1449	Surammay Sapre	1996-01-12
1451	Nicole Kirk	1993-10-28
1454	Emma Gioia	1994-11-14
1457	Erol Jamwal	1990-02-17
1460	Jessica Maher	1995-03-04
1462	Zheng Ellis	1993-02-05
1464	Monica Tran	1996-03-07
1467	Emma Tyshchenko	1995-07-19
1468	Anahita Tam	1993-10-24
1470	Luke Strauss	1993-07-12
1473	Kelvin Wilcock	1995-04-21
1476	Jenny Hariharan	1996-03-27
1479	Jesse Long	1995-12-14
1480	Anna Malan	1998-11-28
1483	Lei Stroud	1995-01-09
1484	Henry Malik	2003-11-14
1487	Carlos Chang	1999-06-02
1489	Naomi Zissimatos	1992-07-25
1491	Xiaomei Lin	1998-08-09
1492	Madelaine Dixon	1981-05-09
1494	Reuben Balasingam	1997-05-19
1497	Ryan McCann	1995-04-24
1498	Michael Hayes	1996-09-17
1499	Susanne Borja	1996-11-16
1502	Brandon Maling	1994-09-24
1504	Nicholas Pawar	1992-01-16
1507	Omer Li	1998-05-08
1510	Stacey Holmes	2002-06-06
1511	Caitlin Chung	1992-06-27
1513	Georgina Isaacs	1999-06-09
1515	Susanne Borello	1997-11-06
1415	Matthew Fellows	1997-06-16
1518	Luke Chen	1990-02-28
1520	Rachael Hunter	1992-05-08
1523	Emily James	1989-08-18
1524	Alexei Garlick	1991-02-21
1525	Anna Jankowski	1991-01-16
1526	Tony Hanton	1998-11-28
1529	Ian Datta	1995-04-04
1532	Katina Mullins	1991-04-12
1535	Oscar Xing	2005-04-03
1538	Adam Woolf	1993-12-22
1541	Anthony Orr	1994-04-07
1543	Robin Zhou	1997-02-05
1546	Luke Lennon	1998-09-19
1548	David Newman	1992-06-06
1550	Belinda Mohan	2000-09-18
1551	Alice Richardson	1992-09-23
1554	Casey Faour	1992-08-17
1555	Nguyen Islam	1985-02-17
1558	Jeyda Su	1983-12-21
1559	Anthea Sood	1995-06-02
1562	An Paida	1993-10-10
1565	Thomas Gupta	1996-12-18
1568	Sarfaraz Gold	1991-06-23
1570	Matthew Wagasooriya	1999-01-22
1572	Kim-Lin Kraefft	1990-11-01
1575	Jiahao Cubbin	1991-10-16
1577	Scott Wu	1995-07-01
1578	James Beale	1994-01-14
1580	Colman Nham	1989-06-17
1582	Jiayi Becker	1997-10-20
1583	Jonathan Halim	2003-06-17
1585	Monica Chapman	1998-06-19
1586	Conrad Hua	1993-01-13
1588	Jennifer Pu	1990-05-22
1589	Henry Idris	1986-05-01
588	Anton Jamieson	1992-09-27
11	Sheri Van De Ven	2005-08-04
437	Adam Von Stieglitz	1998-05-03
1225	Max Abou Chahine	1999-10-03
\.


--
-- Data for Name: reaches; Type: TABLE DATA; Schema: public; Owner: -
--

COPY public.reaches (partic_id, chkpt_id, at_time) FROM stdin;
10001	1	0
10001	3	20
10001	4	29
10001	6	37
10001	9	46
10001	12	56
10002	1	0
10002	3	17
10002	4	26
10002	6	33
10002	9	39
10003	1	0
10003	3	20
10003	4	31
10003	6	40
10003	9	49
10003	12	57
10005	1	0
10005	3	12
10005	4	18
10005	6	23
10005	9	29
10005	12	34
10008	1	0
10008	3	15
10008	4	21
10008	6	30
10008	9	39
10008	12	45
10009	1	0
10009	3	15
10009	4	21
10009	6	28
10009	9	35
10009	12	43
10011	1	0
10011	3	20
10011	4	28
10011	6	39
10011	9	49
10011	12	59
10012	1	0
10012	3	16
10012	4	23
10012	6	32
10012	9	41
10012	12	50
10015	1	0
10015	3	14
10015	4	20
10015	6	26
10015	9	35
10015	12	43
10018	1	0
10018	3	12
10018	4	18
10018	6	22
10018	9	27
10018	12	31
10020	1	0
10020	3	14
10020	4	23
10020	6	31
10020	9	39
10020	12	46
10023	1	0
10023	3	16
10023	4	23
10023	6	30
10023	9	36
10023	12	42
10026	1	0
10026	3	21
10026	4	30
10026	6	38
10026	9	49
10026	12	60
10029	1	0
10029	3	10
10029	4	14
10029	6	18
10029	9	25
10029	12	31
10030	1	0
10030	3	17
10030	4	23
10030	6	29
10030	9	38
10030	12	47
10032	1	0
10032	3	19
10032	4	30
10032	6	41
10032	9	50
10032	12	61
10035	1	0
10035	3	13
10035	4	19
10035	6	23
10035	9	28
10035	12	35
10037	1	0
10037	3	19
10037	4	27
10037	6	35
10037	9	44
10037	12	53
10040	1	0
10040	3	21
10040	4	32
10040	6	42
10040	9	50
10040	12	61
10042	1	0
10042	3	14
10042	4	20
10042	6	29
10042	9	36
10042	12	44
10044	1	0
10044	3	13
10044	4	19
10044	6	23
10044	9	29
10044	12	34
10047	1	0
10047	3	10
10047	4	16
10047	6	23
10047	9	29
10047	12	36
10049	1	0
10049	3	10
10049	4	17
10049	6	21
10049	9	27
10049	12	34
10050	1	0
10050	3	13
10050	4	20
10050	6	25
10050	9	29
10050	12	33
10051	1	0
10051	3	14
10051	4	20
10051	6	29
10051	9	35
10051	12	41
10052	1	0
10052	3	12
10052	4	16
10052	6	20
10052	9	27
10052	12	34
10054	1	0
10054	3	14
10054	4	23
10054	6	31
10054	9	38
10054	12	44
10057	1	0
10057	3	18
10057	4	27
10057	6	36
10057	9	47
10057	12	57
10058	1	0
10058	3	21
10058	4	30
10058	6	40
10058	9	49
10058	12	58
10059	1	0
10059	3	16
10059	4	23
10059	6	29
10059	9	37
10059	12	46
10062	1	0
10062	3	10
10062	4	15
10062	6	21
10062	9	25
10062	12	30
10063	1	0
10063	3	12
10063	4	18
10063	6	22
10063	9	28
10063	12	33
10065	1	0
10065	3	17
10065	4	26
10065	6	34
10065	9	41
10065	12	50
10067	1	0
10067	3	12
10067	4	17
10067	6	23
10067	9	29
10067	12	33
10069	1	0
10069	3	14
10069	4	21
10069	6	27
10069	9	34
10069	12	43
10070	1	0
10070	3	10
10070	4	17
10070	6	22
10070	9	26
10070	12	32
10073	1	0
10073	3	16
10073	4	25
10073	6	32
10073	9	38
10073	12	45
10076	1	0
10076	3	14
10076	4	20
10076	6	27
10076	9	36
10076	12	45
10079	1	0
10079	3	16
10079	4	23
10079	6	32
10079	9	41
10079	12	49
10080	1	0
10080	3	19
10080	4	27
10080	6	35
10080	9	45
10080	12	56
10082	1	0
10082	3	16
10082	4	25
10082	6	31
10082	9	40
10082	12	48
10085	1	0
10085	3	10
10085	4	14
10085	6	19
10085	9	23
10085	12	28
10086	1	0
10086	3	12
10086	4	19
10086	6	24
10086	9	29
10086	12	34
10087	1	0
10087	3	15
10087	4	21
10087	6	27
10087	9	34
10087	12	41
10088	1	0
10088	3	19
10088	4	30
10088	6	41
10088	9	52
10088	12	61
10089	1	0
10089	3	13
10089	4	20
10089	6	24
10089	9	29
10089	12	35
10090	1	0
10090	3	19
10090	4	29
10090	6	39
10090	9	49
10090	12	58
10093	1	0
10093	3	13
10093	4	18
10093	6	23
10093	9	28
10093	12	32
10096	1	0
10096	3	19
10096	4	28
10096	6	39
10096	9	49
10096	12	60
10098	1	0
10098	3	10
10098	4	16
10098	6	21
10098	9	25
10098	12	31
10100	1	0
10100	3	14
10100	4	20
10100	6	29
10100	9	35
10100	12	44
10101	1	0
10101	3	13
10101	4	17
10101	6	24
10101	9	28
10101	12	33
10102	1	0
10102	3	18
10102	4	26
10102	6	34
10102	9	43
10102	12	53
10104	1	0
10104	3	17
10104	4	25
10104	6	33
10104	9	42
10104	12	48
10106	1	0
10106	3	14
10106	4	20
10106	6	29
10106	9	36
10106	12	42
10108	1	0
10108	3	13
10108	4	19
10108	6	24
10108	9	30
10108	12	36
10111	1	0
10111	3	15
10111	4	23
10111	6	30
10111	9	39
10111	12	45
10112	1	0
10112	3	19
10112	4	28
10112	6	38
10112	9	47
10112	12	56
10114	1	0
10114	3	12
10114	4	18
10114	6	24
10114	9	31
10114	12	36
10117	1	0
10117	3	12
10117	4	19
10117	6	23
10117	9	30
10117	12	34
10120	1	0
10120	3	15
10120	4	23
10120	6	31
10120	9	37
10120	12	44
10123	1	0
10123	3	21
10123	4	32
10123	6	41
10123	9	50
10123	12	59
10125	1	0
10125	3	12
10125	4	16
10125	6	21
10125	9	27
10125	12	31
10128	1	0
10128	3	16
10128	4	24
10128	6	33
10128	9	40
10128	12	48
10130	1	0
10130	3	21
10130	4	32
10130	6	41
10130	9	51
10130	12	61
10132	1	0
10132	3	19
10132	4	29
10132	6	39
10132	9	47
10132	12	57
10134	1	0
10134	3	10
10134	4	15
10134	6	20
10134	9	27
10134	12	34
10135	1	0
10135	3	17
10135	4	24
10135	6	33
10135	9	41
10135	12	49
10136	1	0
10136	3	13
10136	4	18
10136	6	23
10136	9	27
10136	12	31
10139	1	0
10139	3	21
10139	4	31
10139	6	40
10139	9	49
10139	12	59
10141	1	0
10141	3	15
10141	4	24
10141	6	30
10141	9	38
10141	12	45
10142	1	0
10142	3	15
10142	4	23
10142	6	29
10142	9	37
10142	12	44
10143	1	0
10143	3	18
10143	4	26
10143	6	36
10143	9	45
10143	12	56
10145	1	0
10145	3	21
10145	4	32
10145	6	41
10145	9	51
10145	12	59
10146	1	0
10146	3	16
10146	4	25
10146	6	32
10146	9	40
10146	12	46
10147	1	0
10147	3	15
10147	4	23
10147	6	32
10147	9	41
10147	12	47
10148	1	0
10148	3	20
10148	4	30
10148	6	40
10148	9	48
10148	12	57
10149	1	0
10149	3	20
10149	4	28
10149	6	38
10149	9	47
10149	12	58
10151	1	0
10151	3	16
10151	4	24
10151	6	31
10151	9	37
10151	12	46
10152	1	0
10152	3	15
10152	4	21
10152	6	27
10152	9	33
10152	12	40
10154	1	0
10154	3	11
10154	4	18
10154	6	23
10154	9	27
10154	12	32
10156	1	0
10156	3	20
10156	4	28
10156	6	36
10156	9	44
10156	12	54
10158	1	0
10158	3	16
10158	4	25
10158	6	33
10158	9	40
10158	12	49
10160	1	0
10160	3	14
10160	4	22
10160	6	29
10160	9	38
10160	12	46
10163	1	0
10163	3	18
10163	4	26
10163	6	34
10163	9	43
10163	12	52
10164	1	0
10164	3	10
10164	4	16
10164	6	22
10164	9	28
10164	12	33
10166	1	0
10166	3	16
10166	4	25
10166	6	33
10166	9	42
10166	12	48
10167	1	0
10167	3	19
10167	4	29
10167	6	40
10167	9	51
10167	12	62
10170	1	0
10170	3	17
10170	4	23
10170	6	29
10170	9	36
10170	12	44
10172	1	0
10172	3	18
10172	4	28
10172	6	37
10172	9	48
10172	12	56
10173	1	0
10173	3	19
10173	4	29
10173	6	40
10173	9	48
10173	12	59
10176	1	0
10176	3	11
10176	4	15
10176	6	20
10176	9	25
10176	12	30
10178	1	0
10178	3	19
10178	4	27
10178	6	37
10178	9	47
10178	12	57
10179	1	0
10179	3	18
10179	4	27
10179	6	38
10179	9	47
10179	12	55
10181	1	0
10181	3	19
10181	4	28
10181	6	37
10181	9	47
10181	12	58
10184	1	0
10184	3	12
10184	4	16
10184	6	21
10184	9	26
10184	12	33
10186	1	0
10186	3	12
10186	4	17
10186	6	23
10186	9	27
10186	12	33
10189	1	0
10189	3	21
10189	4	29
10189	6	37
10189	9	45
10189	12	54
10191	1	0
10191	3	16
10191	4	23
10191	6	32
10191	9	40
10191	12	46
10192	1	0
10192	3	18
10192	4	28
10192	6	37
10192	9	47
10192	12	58
10194	1	0
10194	3	17
10194	4	26
10194	6	33
10194	9	41
10194	12	50
10195	1	0
10195	3	10
10195	4	15
10195	6	19
10195	9	25
10195	12	32
10198	1	0
10198	3	20
10198	4	28
10198	6	39
10198	9	48
10198	12	58
10200	1	0
10200	3	19
10200	4	30
10200	6	39
10200	9	49
10200	12	58
10201	1	0
10201	3	11
10201	4	18
10201	6	23
10201	9	27
10201	12	34
10204	1	0
10204	3	12
10204	4	16
10204	6	23
10204	9	29
10204	12	34
10205	1	0
10205	3	12
10205	4	16
10205	6	22
10205	9	26
10205	12	30
10208	1	0
10208	3	19
10208	4	29
10208	6	40
10208	9	50
10208	12	60
10209	1	0
10209	3	14
10209	4	21
10209	6	30
10209	9	39
10209	12	46
10211	1	0
10211	3	11
10211	4	16
10211	6	22
10211	9	26
10211	12	32
10213	1	0
10213	3	20
10213	4	28
10213	6	36
10213	9	46
10213	12	56
10215	1	0
10215	3	12
10215	4	19
10215	6	24
10215	9	29
10215	12	35
10218	1	0
10218	3	16
10218	4	24
10218	6	32
10218	9	41
10218	12	50
10221	1	0
10221	3	14
10221	4	20
10221	6	26
10221	9	34
10221	12	43
10222	1	0
10222	3	16
10222	4	22
10222	6	30
10222	9	38
10222	12	46
10223	1	0
10223	3	11
10223	4	16
10223	6	23
10223	9	30
10223	12	35
10224	1	0
10224	3	19
10224	4	28
10224	6	37
10224	9	46
10224	12	56
10225	1	0
10225	3	15
10225	4	21
10225	6	28
10225	9	35
10225	12	42
10227	1	0
10227	3	16
10227	4	23
10227	6	32
10227	9	38
10227	12	45
10230	1	0
10230	3	11
10230	4	15
10230	6	20
10230	9	27
10230	12	31
10232	1	0
10232	3	17
10232	4	26
10232	6	35
10232	9	43
10232	12	50
10235	1	0
10235	3	18
10235	4	29
10235	6	37
10235	9	45
10235	12	55
10236	1	0
10236	3	15
10236	4	21
10236	6	29
10236	9	36
10236	12	43
10237	1	0
10237	3	12
10237	4	18
10237	6	24
10237	9	29
10237	12	33
10238	1	0
10238	3	10
10238	4	16
10238	6	20
10238	9	25
10238	12	30
10239	1	0
10239	3	18
10239	4	29
10239	6	39
10239	9	49
10239	12	59
10241	1	0
10241	3	14
10241	4	23
10241	6	29
10241	9	38
10241	12	45
10243	1	0
10243	3	20
10243	4	29
10243	6	38
10243	9	47
10243	12	57
10244	1	0
10244	3	11
10244	4	18
10244	6	24
10244	9	30
10244	12	35
10247	1	0
10247	3	15
10247	4	21
10247	6	28
10247	9	36
10247	12	43
10249	1	0
10249	3	14
10249	4	21
10249	6	30
10249	9	39
10249	12	48
10251	1	0
10251	3	11
10251	4	15
10251	6	22
10251	9	27
10251	12	33
10252	1	0
10252	3	20
10252	4	29
10252	6	37
10252	9	48
10252	12	59
10254	1	0
10254	3	20
10254	4	31
10254	6	42
10254	9	51
10254	12	60
10257	1	0
10257	3	15
10257	4	24
10257	6	31
10257	9	39
10257	12	48
10260	1	0
10260	3	14
10260	4	23
10260	6	29
10260	9	35
10260	12	44
10262	1	0
10262	3	18
10262	4	28
10262	6	39
10262	9	49
10262	12	58
10264	1	0
10264	3	17
10264	4	24
10264	6	30
10264	9	38
10264	12	46
10267	1	0
10267	3	21
10267	4	29
10267	6	39
10267	9	48
10267	12	59
10269	1	0
10269	3	18
10269	4	27
10269	6	38
10269	9	48
10269	12	56
10271	1	0
10271	3	16
10271	4	23
10271	6	31
10271	9	39
10271	12	45
10274	1	0
10274	3	18
10274	4	26
10274	6	35
10274	9	43
10274	12	54
10275	1	0
10275	3	18
10275	4	27
10275	6	37
10275	9	47
10275	12	55
10277	1	0
10277	3	12
10277	4	19
10277	6	25
10277	9	31
10277	12	35
10278	1	0
10278	3	19
10278	4	27
10278	6	35
10278	9	45
10278	12	53
10280	1	0
10280	3	20
10280	4	29
10280	6	40
10280	9	49
10280	12	59
10281	1	0
10281	3	15
10281	4	21
10281	6	30
10281	9	39
10281	12	45
10284	1	0
10284	3	20
10284	4	30
10284	6	38
10284	9	48
10284	12	58
10285	1	0
10285	3	19
10285	4	30
10285	6	41
10285	9	49
10285	12	60
10287	1	0
10287	3	14
10287	4	21
10287	6	30
10287	9	38
10287	12	44
10290	1	0
10290	3	18
10290	4	26
10290	6	35
10290	9	43
10290	12	53
10291	1	0
10291	3	12
10291	4	16
10291	6	20
10291	9	24
10291	12	31
10294	1	0
10294	3	13
10294	4	17
10294	6	24
10294	9	31
10294	12	37
10295	1	0
10295	3	20
10295	4	30
10295	6	39
10295	9	47
10295	12	55
10296	1	0
10296	3	14
10296	4	23
10296	6	31
10296	9	37
10296	12	45
10297	1	0
10297	3	16
10297	4	22
10297	6	30
10297	9	38
10297	12	46
10298	1	0
10298	3	21
10298	4	31
10298	6	41
10298	9	51
10298	12	62
10300	1	0
10300	3	21
10300	4	30
10300	6	40
10300	9	48
10300	12	56
10301	1	0
10301	3	14
10301	4	22
10301	6	28
10301	9	36
10301	12	42
10302	1	0
10302	3	14
10302	4	22
10302	6	29
10302	9	38
10302	12	45
10303	1	0
10303	3	17
10303	4	24
10303	6	30
10303	9	38
10303	12	46
10306	1	0
10306	3	21
10306	4	31
10306	6	39
10306	9	48
10306	12	59
10308	1	0
10308	3	13
10308	4	20
10308	6	26
10308	9	31
10308	12	35
10309	1	0
10309	3	19
10309	4	29
10309	6	40
10309	9	51
10309	12	62
10312	1	0
10312	3	14
10312	4	22
10312	6	31
10312	9	39
10312	12	46
10314	1	0
10314	3	20
10314	4	29
10314	6	38
10314	9	46
10317	1	0
10317	3	20
10317	4	29
10317	6	40
10317	9	48
10317	12	57
10319	1	0
10319	3	12
10319	4	17
10319	6	22
10319	9	29
10319	12	35
10322	1	0
10322	3	13
10322	4	17
10322	6	23
10322	9	29
10322	12	34
10325	1	0
10325	3	16
10325	4	25
10325	6	31
10325	9	37
10325	12	45
10328	1	0
10328	3	14
10328	4	21
10328	6	29
10328	9	36
10328	12	42
10329	1	0
10329	3	16
10329	4	22
10329	6	30
10329	9	36
10329	12	44
10331	1	0
10331	3	11
10331	4	16
10331	6	23
10331	9	29
10331	12	36
10332	1	0
10332	3	13
10332	4	17
10332	6	23
10332	9	30
10332	12	36
10335	1	0
10335	3	17
10335	4	25
10335	6	33
10335	9	39
10335	12	47
10338	1	0
10338	3	11
10338	4	16
10338	6	22
10338	9	27
10338	12	34
10340	1	0
10340	3	15
10340	4	21
10340	6	29
10340	9	36
10340	12	45
10343	1	0
10343	3	10
10343	4	16
10343	6	20
10343	9	27
10343	12	31
10345	1	0
10345	3	14
10345	4	22
10345	6	29
10345	9	38
10345	12	45
10346	1	0
10346	3	17
10346	4	26
10346	6	32
10346	9	39
10346	12	45
10349	1	0
10349	3	10
10349	4	17
10349	6	23
10349	9	28
10349	12	33
10352	1	0
10352	3	10
10352	4	14
10352	6	19
10352	9	25
10352	12	30
10353	1	0
10353	3	16
10353	4	22
10353	6	29
10353	9	36
10353	12	45
10356	1	0
10356	3	21
10356	4	32
10356	6	42
10356	9	53
10356	12	63
10358	1	0
10358	3	11
10358	4	15
10358	6	19
10358	9	23
10358	12	27
10359	1	0
10359	3	14
10359	4	23
10359	6	29
10359	9	36
10359	12	45
10362	1	0
10362	3	21
10362	4	32
10362	6	42
10362	9	51
10362	12	60
10363	1	0
10363	3	17
10363	4	25
10363	6	32
10363	9	40
10363	12	48
10364	1	0
10364	3	19
10364	4	28
10364	6	38
10364	9	48
10364	12	56
10365	15	0
10365	17	38
10365	19	101
10365	22	147
10365	25	186
10365	27	234
10365	30	273
10366	15	0
10366	17	48
10366	19	127
10366	22	187
10366	25	235
10366	27	293
10366	30	341
10369	15	0
10369	17	29
10369	19	76
10369	22	110
10369	25	141
10369	27	177
10369	30	208
10372	15	0
10372	17	31
10372	19	80
10372	22	116
10372	25	146
10372	27	183
10372	30	211
10375	15	0
10375	17	31
10375	19	77
10375	22	113
10375	25	143
10375	27	177
10375	30	205
10378	15	0
10378	17	28
10378	19	75
10378	22	112
10378	25	143
10378	27	178
10378	30	206
10381	15	0
10381	17	49
10381	19	129
10381	22	187
10381	25	235
10381	27	296
10381	30	347
10384	15	0
10384	17	31
10384	19	79
10384	22	113
10384	25	141
10384	27	178
10384	30	207
10385	15	0
10385	17	48
10385	19	128
10385	22	189
10385	25	239
10385	27	298
10385	30	348
10387	15	0
10387	17	40
10387	19	102
10387	22	149
10387	25	187
10387	27	233
10387	30	272
10390	15	0
10390	17	31
10390	19	79
10390	22	113
10390	25	144
10390	27	180
10390	30	210
10393	15	0
10393	17	48
10393	19	128
10393	22	188
10393	25	239
10393	27	298
10393	30	348
10394	15	0
10394	17	48
10394	19	128
10394	22	186
10394	25	237
10394	27	297
10394	30	345
10396	15	0
10396	17	41
10396	19	104
10396	22	151
10396	25	191
10396	27	240
10396	30	281
10397	15	0
10397	17	31
10397	19	78
10397	22	113
10397	25	142
10397	27	179
10397	30	207
10400	15	0
10400	17	41
10400	19	106
10400	22	152
10400	25	191
10400	27	238
10400	30	277
10403	15	0
10403	17	40
10403	19	102
10403	22	150
10403	25	191
10403	27	238
10403	30	277
10405	15	0
10405	17	38
10405	19	101
10405	22	147
10405	25	188
10405	27	236
10405	30	274
10408	15	0
10408	17	38
10408	19	102
10408	22	150
10408	25	188
10408	27	235
10408	30	273
10411	15	0
10411	17	51
10411	19	129
10411	22	188
10411	25	236
10411	27	297
10411	30	348
10414	15	0
10414	17	29
10414	19	77
10414	22	111
10414	25	141
10414	27	175
10414	30	203
10415	15	0
10415	17	39
10415	19	103
10415	22	150
10415	25	190
10415	27	239
10415	30	279
10416	15	0
10416	17	49
10416	19	130
10416	22	190
10416	25	239
10416	27	297
10416	30	347
10418	15	0
10418	17	39
10419	15	0
10419	17	31
10419	19	79
10419	22	113
10419	25	142
10419	27	179
10419	30	210
10421	15	0
10421	17	48
10421	19	128
10421	22	189
10421	25	240
10421	27	298
10421	30	348
10422	15	0
10422	17	39
10422	19	101
10422	22	147
10422	25	186
10422	27	232
10422	30	273
10425	15	0
10425	17	51
10425	19	129
10425	22	190
10425	25	241
10425	27	299
10425	30	348
10426	15	0
10426	17	28
10426	19	75
10426	22	109
10426	25	140
10426	27	175
10426	30	206
10429	15	0
10429	17	51
10429	19	130
10429	22	191
10429	25	242
10429	27	300
10429	30	349
10431	15	0
10431	17	30
10431	19	76
10434	15	0
10434	17	50
10434	19	131
10434	22	192
10434	25	243
10434	27	304
10434	30	354
10435	15	0
10435	17	39
10435	19	103
10435	22	150
10435	25	188
10435	27	234
10435	30	273
10436	15	0
10436	17	48
10436	19	126
10436	22	184
10436	25	234
10436	27	295
10436	30	344
10439	15	0
10439	17	40
10439	19	103
10439	22	150
10439	25	188
10439	27	234
10439	30	273
10440	15	0
10440	17	28
10440	19	74
10440	22	109
10440	25	138
10440	27	174
10440	30	202
10441	15	0
10441	17	31
10441	19	79
10441	22	115
10441	25	146
10441	27	180
10441	30	211
10444	15	0
10444	17	28
10444	19	76
10444	22	113
10444	25	143
10444	27	179
10444	30	209
10445	15	0
10445	17	39
10445	19	104
10445	22	150
10445	25	191
10445	27	237
10445	30	277
10447	15	0
10447	17	38
10447	19	102
10447	22	148
10447	25	189
10447	27	237
10447	30	277
10450	15	0
10450	17	29
10450	19	76
10450	22	112
10450	25	143
10450	27	179
10451	15	0
10451	17	49
10451	19	127
10451	22	187
10451	25	236
10451	27	297
10451	30	345
10453	15	0
10453	17	40
10453	19	105
10453	22	154
10453	25	195
10453	27	241
10453	30	279
10455	15	0
10455	17	39
10457	15	0
10457	17	28
10457	19	77
10457	22	112
10457	25	142
10457	27	176
10457	30	205
10459	15	0
10459	17	48
10459	19	127
10459	22	186
10459	25	236
10459	27	297
10459	30	348
10460	15	0
10460	17	39
10460	19	103
10460	22	149
10460	25	187
10460	27	236
10460	30	277
10462	15	0
10462	17	40
10462	19	102
10462	22	149
10462	25	187
10462	27	234
10462	30	274
10465	15	0
10465	17	41
10465	19	103
10465	22	149
10465	25	189
10465	27	237
10465	30	276
10467	15	0
10467	17	39
10467	19	103
10467	22	150
10467	25	191
10467	27	238
10467	30	279
10470	15	0
10470	17	48
10470	19	126
10470	22	187
10470	25	236
10470	27	294
10470	30	344
10472	15	0
10472	17	28
10472	19	77
10472	22	112
10472	25	140
10472	27	174
10472	30	205
10474	15	0
10474	17	38
10474	19	101
10474	22	149
10474	25	188
10474	27	235
10474	30	275
10475	15	0
10475	17	38
10475	19	103
10475	22	151
10475	25	192
10475	27	238
10475	30	278
10478	15	0
10478	17	38
10478	19	101
10478	22	148
10478	25	189
10478	27	238
10478	30	276
10481	15	0
10481	17	49
10481	19	129
10481	22	187
10481	25	237
10481	27	295
10481	30	346
10483	15	0
10483	17	40
10483	19	104
10483	22	153
10483	25	192
10483	27	241
10483	30	280
10485	15	0
10485	17	50
10485	19	130
10485	22	190
10485	25	239
10485	27	300
10485	30	350
10487	15	0
10487	17	51
10487	19	132
10487	22	190
10487	25	241
10487	27	299
10487	30	347
10488	15	0
10488	17	51
10488	19	132
10488	22	193
10488	25	242
10488	27	300
10488	30	351
10489	15	0
10489	17	49
10489	19	129
10489	22	189
10489	25	239
10489	27	297
10489	30	348
10491	15	0
10491	17	49
10491	19	127
10491	22	188
10491	25	238
10491	27	298
10491	30	348
10494	15	0
10494	17	29
10494	19	78
10494	22	112
10494	25	142
10494	27	178
10494	30	206
10496	15	0
10496	17	31
10496	19	78
10496	22	115
10496	25	143
10496	27	177
10496	30	207
10497	15	0
10497	17	38
10497	19	103
10497	22	150
10497	25	191
10497	27	237
10497	30	276
10498	15	0
10498	17	29
10498	19	76
10498	22	113
10498	25	141
10498	27	175
10498	30	203
10500	15	0
10500	17	30
10500	19	77
10500	22	113
10500	25	142
10500	27	176
10500	30	207
10502	15	0
10502	17	51
10502	19	131
10502	22	189
10502	25	239
10502	27	297
10502	30	346
10504	15	0
10504	17	49
10504	19	127
10504	22	186
10504	25	236
10504	27	295
10504	30	346
10505	15	0
10505	17	51
10505	19	132
10505	22	191
10505	25	242
10505	27	300
10505	30	351
10506	15	0
10506	17	38
10506	19	102
10506	22	151
10506	25	190
10506	27	236
10506	30	274
10509	15	0
10509	17	39
10509	19	101
10509	22	147
10509	25	188
10509	27	234
10509	30	275
10512	15	0
10512	17	51
10512	19	131
10512	22	189
10512	25	238
10512	27	298
10512	30	349
10513	15	0
10513	17	49
10513	19	129
10513	22	187
10513	25	235
10513	27	295
10513	30	344
10516	15	0
10516	17	41
10516	19	104
10516	22	153
10516	25	192
10516	27	238
10516	30	279
10518	15	0
10518	17	39
10518	19	104
10518	22	152
10518	25	191
10518	27	239
10518	30	277
10519	15	0
10519	17	51
10519	19	129
10519	22	189
10519	25	237
10519	27	297
10519	30	346
10522	31	0
10522	32	77
10522	34	114
10522	37	126
10522	40	143
10522	43	166
10522	44	208
10524	31	0
10524	32	79
10524	34	113
10524	37	124
10524	40	140
10524	43	165
10524	44	206
10525	31	0
10525	32	103
10525	34	152
10525	37	169
10525	40	193
10525	43	224
10525	44	280
10528	31	0
10528	32	76
10528	34	111
10528	37	121
10528	40	138
10528	43	161
10528	44	203
10530	31	0
10530	32	79
10530	34	114
10530	37	127
10530	40	143
10530	43	166
10530	44	207
10533	31	0
10533	32	105
10533	34	154
10533	37	169
10533	40	193
10533	43	224
10533	44	278
10536	31	0
10536	32	76
10536	34	113
10536	37	126
10536	40	142
10536	43	164
10536	44	205
10538	31	0
10538	32	105
10538	34	153
10538	37	170
10538	40	192
10538	43	224
10538	44	278
10540	31	0
10540	32	79
10540	34	115
10540	37	128
10540	40	146
10540	43	170
10540	44	210
10542	31	0
10542	32	103
10542	34	152
10542	37	168
10542	40	193
10542	43	226
10542	44	282
10544	31	0
10544	32	104
10544	34	153
10544	37	168
10544	40	190
10544	43	223
10544	44	277
10545	31	0
10545	32	77
10545	34	112
10545	37	124
10545	40	143
10545	43	166
10545	44	206
10546	31	0
10546	32	105
10546	34	154
10546	37	168
10546	40	191
10546	43	224
10546	44	278
10547	31	0
10547	32	103
10547	34	150
10547	37	164
10547	40	186
10547	43	216
10547	44	271
10550	31	0
10550	32	129
10550	34	187
10550	37	205
10550	40	234
10550	43	274
10550	44	344
10553	31	0
10553	32	105
10554	31	0
10554	32	79
10554	34	114
10554	37	126
10554	40	145
10554	43	168
10554	44	211
10555	31	0
10555	32	79
10555	34	113
10555	37	123
10555	40	140
10555	43	163
10555	44	204
10556	31	0
10556	32	79
10556	34	116
10556	37	127
10556	40	146
10556	43	171
10556	44	214
10559	31	0
10559	32	129
10559	34	189
10559	37	210
10559	40	238
10559	43	279
10559	44	348
10561	31	0
10561	32	130
10561	34	190
10561	37	211
10561	40	240
10561	43	279
10561	44	350
10564	31	0
10564	32	104
10564	34	153
10564	37	170
10564	40	195
10564	43	227
10564	44	284
10566	31	0
10566	32	104
10566	34	151
10566	37	167
10566	40	190
10566	43	221
10566	44	275
10568	31	0
10568	32	104
10568	34	152
10568	37	169
10568	40	191
10568	43	223
10568	44	278
10570	31	0
10570	32	128
10570	34	188
10570	37	206
10570	40	235
10570	43	274
10570	44	345
10571	31	0
10571	32	102
10571	34	149
10571	37	164
10571	40	187
10571	43	218
10571	44	273
10574	31	0
10574	32	77
10574	34	112
10574	37	124
10574	40	143
10574	43	165
10574	44	205
10577	31	0
10577	32	104
10577	34	150
10577	37	165
10577	40	188
10577	43	220
10577	44	276
10579	31	0
10579	32	76
10579	34	112
10579	37	124
10579	40	142
10579	43	167
10579	44	208
10580	31	0
10580	32	131
10580	34	191
10580	37	212
10580	40	241
10580	43	281
10580	44	349
10583	31	0
10583	32	130
10583	34	190
10583	37	208
10583	40	238
10583	43	276
10583	44	346
10584	31	0
10584	32	77
10584	34	111
10584	37	121
10584	40	140
10584	43	163
10584	44	204
10586	31	0
10586	32	130
10586	34	191
10586	37	210
10586	40	239
10586	43	277
10586	44	345
10587	31	0
10587	32	129
10587	34	190
10587	37	209
10587	40	237
10587	43	275
10587	44	346
10588	31	0
10588	32	78
10588	34	114
10588	37	125
10588	40	144
10588	43	169
10588	44	212
10590	31	0
10590	32	103
10590	34	149
10590	37	165
10590	40	190
10590	43	220
10590	44	277
10592	31	0
10592	32	105
10592	34	152
10592	37	169
10592	40	194
10592	43	224
10592	44	279
10595	31	0
10595	32	131
10595	34	192
10595	37	212
10595	40	243
10595	43	283
10595	44	352
10598	31	0
10598	32	104
10598	34	153
10598	37	168
10598	40	190
10598	43	221
10598	44	275
10599	31	0
10599	32	76
10599	34	110
10599	37	121
10599	40	137
10599	43	161
10599	44	202
10602	31	0
10602	32	104
10602	34	153
10602	37	169
10602	40	192
10602	43	222
10602	44	277
10605	31	0
10605	32	105
10605	34	151
10605	37	166
10605	40	188
10605	43	218
10605	44	274
10606	31	0
10606	32	102
10606	34	148
10606	37	164
10606	40	187
10606	43	217
10606	44	271
10607	31	0
10607	32	103
10607	34	152
10607	37	167
10607	40	192
10607	43	223
10607	44	280
10610	31	0
10610	32	102
10610	34	148
10610	37	164
10610	40	187
10610	43	217
10610	44	273
10612	31	0
10612	32	79
10612	34	116
10612	37	129
10612	40	147
10612	43	170
10612	44	212
10613	31	0
10613	32	103
10613	34	149
10613	37	165
10613	40	188
10613	43	218
10613	44	275
10614	31	0
10614	32	131
10614	34	192
10614	37	213
10614	40	242
10614	43	281
10614	44	349
10617	31	0
10617	32	105
10617	34	154
10617	37	170
10617	40	192
10617	43	223
10617	44	279
10618	31	0
10618	32	104
10618	34	151
10618	37	165
10618	40	189
10618	43	221
10618	44	276
10620	31	0
10620	32	104
10620	34	151
10620	37	168
10620	40	192
10620	43	225
10620	44	279
10623	31	0
10623	32	79
10623	34	114
10623	37	125
10623	40	142
10623	43	167
10623	44	209
10625	31	0
10625	32	76
10625	34	110
10625	37	121
10625	40	140
10625	43	165
10625	44	208
10628	31	0
10628	32	103
10628	34	150
10628	37	167
10628	40	190
10628	43	223
10628	44	277
10629	31	0
10629	32	79
10629	34	113
10629	37	123
10629	40	142
10629	43	164
10629	44	204
10631	31	0
10631	32	128
10631	34	189
10631	37	210
10631	40	241
10631	43	282
10631	44	351
10633	31	0
10633	32	102
10633	34	150
10633	37	164
10633	40	187
10633	43	217
10633	44	272
10634	31	0
10634	32	76
10634	34	112
10634	37	122
10634	40	139
10634	43	164
10634	44	207
10637	31	0
10637	32	131
10639	31	0
10639	32	79
10639	34	116
10639	37	127
10639	40	144
10639	43	169
10639	44	211
10642	31	0
10642	32	105
10642	34	151
10642	37	165
10642	40	187
10642	43	218
10642	44	272
10643	31	0
10643	32	129
10643	34	189
10643	37	207
10643	40	238
10643	43	278
10643	44	347
10645	31	0
10645	32	103
10645	34	149
10645	37	166
10645	40	190
10645	43	222
10645	44	276
10646	31	0
10646	32	78
10646	34	114
10646	37	125
10646	40	142
10646	43	167
10646	44	209
10647	31	0
10647	32	78
10647	34	115
10647	37	125
10647	40	143
10647	43	166
10647	44	207
10649	31	0
10649	32	105
10649	34	152
10649	37	168
10649	40	191
10649	43	221
10649	44	277
10651	31	0
10651	32	128
10651	34	189
10651	37	210
10651	40	239
10651	43	279
10651	44	349
10654	31	0
10654	32	102
10654	34	150
10654	37	165
10654	40	190
10654	43	221
10654	44	276
10656	31	0
10656	32	79
10656	34	116
10656	37	126
10656	40	144
10656	43	166
10656	44	207
10659	31	0
10659	32	105
10659	34	151
10659	37	167
10659	40	191
10659	43	221
10659	44	276
10662	31	0
10662	32	128
10662	34	187
10662	37	208
10662	40	238
10665	31	0
10665	32	130
10665	34	189
10665	37	208
10665	40	237
10665	43	277
10665	44	346
10667	31	0
10667	32	130
10667	34	190
10667	37	211
10667	40	240
10667	43	279
10667	44	348
10670	31	0
10670	32	130
10670	34	189
10670	37	209
10670	40	237
10670	43	275
10670	44	346
10671	31	0
10671	32	129
10671	34	188
10671	37	206
10671	40	235
10671	43	274
10671	44	344
10672	31	0
10672	32	131
10672	34	189
10672	37	208
10672	40	238
10672	43	279
10672	44	348
10674	31	0
10674	32	103
10674	34	149
10674	37	165
10674	40	189
10674	43	220
10674	44	275
10675	31	0
10675	32	76
10675	34	113
10675	37	126
10675	40	142
10675	43	164
10675	44	205
10678	31	0
10678	32	77
10678	34	113
10678	37	126
10678	40	142
10678	43	164
10678	44	205
10680	31	0
10680	32	76
10680	34	111
10680	37	123
10680	40	141
10680	43	164
10680	44	204
10683	31	0
10683	32	104
10683	34	152
10683	37	168
10683	40	193
10683	43	224
10683	44	278
10685	31	0
10685	32	76
10685	34	113
10685	37	123
10685	40	141
10685	43	163
10685	44	205
10686	31	0
10686	32	130
10686	34	189
10686	37	210
10686	40	240
10686	43	281
10686	44	352
10688	31	0
10688	32	78
10688	34	112
10688	37	122
10688	40	141
10688	43	164
10688	44	205
10689	31	0
10689	32	130
10689	34	188
10689	37	209
10689	40	238
10689	43	278
10689	44	346
10691	31	0
10691	32	76
10691	34	111
10691	37	124
10691	40	142
10691	43	167
10691	44	208
10692	31	0
10692	32	76
10692	34	113
10692	37	125
10692	40	141
10692	43	163
10692	44	205
10693	31	0
10693	32	130
10693	34	190
10693	37	211
10693	40	242
10693	43	280
10693	44	350
10696	31	0
10696	32	103
10696	34	152
10696	37	169
10696	40	193
10696	43	225
10696	44	280
10698	31	0
10698	32	130
10698	34	189
10698	37	209
10698	40	237
10698	43	277
10698	44	347
10701	31	0
10701	32	129
10701	34	190
10701	37	209
10701	40	237
10701	43	278
10701	44	348
10702	31	0
10702	32	130
10702	34	189
10702	37	209
10702	40	237
10702	43	276
10702	44	346
10703	31	0
10703	32	104
10703	34	152
10703	37	166
10703	40	188
10703	43	221
10703	44	276
10704	31	0
10704	32	78
10704	34	114
10704	37	124
10704	40	142
10704	43	166
10704	44	207
10705	31	0
10705	32	76
10705	34	112
10705	37	125
10705	40	143
10705	43	165
10705	44	205
10708	31	0
10708	32	77
10708	34	114
10708	37	127
10708	40	144
10708	43	169
10708	44	212
10711	31	0
10711	32	102
10711	34	150
10711	37	166
10711	40	191
10711	43	221
10711	44	276
10714	31	0
10714	32	105
10714	34	152
10714	37	168
10714	40	192
10714	43	223
10714	44	280
10715	31	0
10715	32	128
10715	34	189
10715	37	209
10715	40	238
10715	43	276
10715	44	345
10718	31	0
10718	32	104
10718	34	150
10718	37	167
10718	40	191
10718	43	222
10718	44	276
10719	31	0
10719	32	105
10719	34	154
10719	37	169
10719	40	194
10719	43	225
10719	44	282
10722	31	0
10722	32	105
10722	34	151
10722	37	167
10722	40	190
10722	43	223
10722	44	278
10723	31	0
10723	32	79
10723	34	116
10723	37	127
10723	40	143
10723	43	166
10723	44	208
10725	31	0
10725	32	77
10725	34	112
10725	37	122
10725	40	139
10725	43	162
10725	44	204
10726	31	0
10726	32	102
10726	34	148
10726	37	162
10726	40	184
10726	43	216
10726	44	271
10727	31	0
10727	32	102
10727	34	151
10727	37	165
10727	40	187
10727	43	217
10727	44	271
10728	31	0
10728	32	104
10728	34	152
10728	37	168
10728	40	190
10728	43	220
10728	44	274
10729	31	0
10729	32	102
10729	34	149
10729	37	164
10729	40	189
10729	43	219
10729	44	273
10731	31	0
10731	32	103
10731	34	151
10731	37	167
10731	40	189
10731	43	220
10731	44	277
10733	31	0
10733	32	76
10733	34	110
10733	37	123
10733	40	140
10733	43	163
10733	44	206
10734	31	0
10734	32	76
10734	34	112
10734	37	124
10734	40	143
10734	43	167
10736	31	0
10736	32	102
10736	34	149
10736	37	166
10736	40	190
10736	43	220
10736	44	276
10739	31	0
10739	32	79
10739	34	113
10739	37	123
10739	40	141
10739	43	164
10739	44	207
10742	31	0
10742	32	105
10742	34	152
10742	37	166
10742	40	191
10742	43	222
10742	44	278
10744	31	0
10744	32	129
10744	34	189
10744	37	207
10744	40	235
10744	43	275
10744	44	345
10746	31	0
10746	32	104
10746	34	153
10746	37	170
10746	40	192
10746	43	224
10746	44	281
10749	31	0
10749	32	105
10749	34	152
10749	37	166
10749	40	188
10749	43	218
10749	44	272
10751	31	0
10751	32	104
10751	34	151
10751	37	168
10751	40	193
10751	43	224
10751	44	281
10752	31	0
10752	32	130
10752	34	191
10752	37	210
10752	40	240
10752	43	280
10752	44	348
10753	31	0
10753	32	77
10753	34	113
10753	37	125
10753	40	143
10753	43	166
10753	44	209
10754	31	0
10754	32	76
10754	34	113
10754	37	123
10754	40	141
10754	43	163
10754	44	205
10755	31	0
10755	32	105
10755	34	154
10755	37	170
10755	40	195
10755	43	225
10755	44	281
10756	31	0
10756	32	105
10756	34	152
10756	37	166
10756	40	190
10756	43	223
10756	44	277
10759	31	0
10759	32	102
10759	34	148
10759	37	164
10759	40	186
10759	43	218
10759	44	274
10761	31	0
10761	32	130
10761	34	191
10761	37	212
10761	40	242
10761	43	281
10761	44	350
10762	31	0
10762	32	130
10762	34	188
10762	37	207
10762	40	237
10762	43	276
10762	44	344
10765	31	0
10765	32	78
10765	34	114
10765	37	124
10765	40	142
10765	43	165
10765	44	207
10768	31	0
10768	32	105
10768	34	154
10768	37	168
10768	40	192
10768	43	223
10768	44	277
10771	31	0
10771	32	131
10771	34	189
10771	37	210
10771	40	238
10771	43	277
10771	44	348
10772	31	0
10775	31	0
10775	32	102
10775	34	150
10775	37	164
10775	40	186
10775	43	218
10775	44	274
10778	31	0
10778	32	78
10778	34	113
10778	37	125
10778	40	141
10778	43	166
10778	44	207
10781	31	0
10781	32	103
10781	34	150
10781	37	167
10781	40	189
10781	43	221
10781	44	276
10784	31	0
10784	32	131
10784	34	190
10784	37	209
10784	40	240
10784	43	278
10784	44	346
10786	31	0
10786	32	131
10786	34	191
10786	37	210
10786	40	238
10786	43	279
10786	44	349
10788	31	0
10788	32	131
10788	34	192
10788	37	213
10788	40	244
10788	43	284
10788	44	354
10790	31	0
10790	32	104
10790	34	151
10790	37	168
10790	40	193
10790	43	224
10790	44	280
10792	31	0
10792	32	128
10792	34	189
10792	37	210
10792	40	239
10792	43	280
10792	44	348
10794	31	0
10794	32	78
10794	34	115
10794	37	125
10794	40	142
10794	43	166
10794	44	207
10795	31	0
10795	32	77
10795	34	114
10795	37	126
10795	40	142
10795	43	165
10795	44	206
10796	31	0
10796	32	103
10796	34	150
10796	37	166
10796	40	190
10796	43	222
10796	44	277
10797	31	0
10797	32	130
10797	34	188
10797	37	206
10797	40	237
10797	43	278
10797	44	348
10798	31	0
10798	32	131
10798	34	191
10798	37	210
10798	40	240
10798	43	280
10798	44	348
10799	31	0
10799	32	78
10799	34	112
10799	37	123
10799	40	139
10799	43	162
10799	44	204
10801	31	0
10801	32	77
10801	34	112
10801	37	124
10801	40	140
10801	43	163
10801	44	205
10804	31	0
10804	32	76
10804	34	111
10804	37	124
10804	40	140
10804	43	164
10804	44	206
10806	31	0
10806	32	128
10806	34	189
10806	37	209
10806	40	238
10806	43	276
10806	44	345
10809	31	0
10809	32	103
10809	34	151
10809	37	168
10809	40	190
10809	43	222
10809	44	276
10811	31	0
10811	32	77
10811	34	111
10811	37	122
10811	40	139
10811	43	161
10811	44	201
10814	31	0
10814	32	77
10814	34	112
10814	37	122
10814	40	140
10814	43	163
10814	44	206
10815	31	0
10815	32	77
10815	34	111
10815	37	122
10815	40	138
10815	43	160
10815	44	200
10816	31	0
10816	32	102
10816	34	148
10816	37	163
10816	40	186
10816	43	218
10816	44	275
10819	31	0
10819	32	105
10819	34	154
10819	37	169
10819	40	192
10819	43	223
10819	44	277
10821	31	0
10821	32	131
10821	34	190
10821	37	209
10821	40	239
10821	43	278
10821	44	348
10824	31	0
10824	32	130
10824	34	191
10824	37	212
10824	40	242
10824	43	283
10824	44	354
10825	31	0
10825	32	104
10825	34	153
10825	37	170
10825	40	193
10825	43	223
10825	44	279
10827	31	0
10827	32	130
10827	34	189
10827	37	208
10827	40	237
10827	43	277
10827	44	348
10828	31	0
10828	32	102
10828	34	149
10828	37	164
10828	40	187
10828	43	218
10828	44	274
10829	31	0
10829	32	79
10829	34	115
10829	37	125
10829	40	142
10829	43	166
10829	44	208
10832	31	0
10832	32	78
10832	34	115
10832	37	126
10832	40	145
10832	43	170
10832	44	210
10835	31	0
10835	32	102
10835	34	148
10835	37	164
10835	40	187
10835	43	220
10835	44	275
10838	31	0
10838	32	130
10838	34	191
10838	37	209
10838	40	240
10838	43	281
10838	44	351
10840	31	0
10840	32	104
10840	34	150
10840	37	164
10840	40	186
10840	43	219
10840	44	273
10841	31	0
10841	32	102
10841	34	150
10841	37	165
10841	40	189
10841	43	221
10841	44	276
10842	31	0
10842	32	102
10842	34	149
10842	37	165
10842	40	187
10842	43	218
10842	44	272
10843	31	0
10843	32	105
10843	34	152
10843	37	167
10843	40	191
10843	43	224
10843	44	280
10846	31	0
10846	32	128
10846	34	187
10846	37	207
10846	40	237
10846	43	278
10846	44	348
10849	31	0
10849	32	105
10849	34	151
10849	37	167
10849	40	190
10849	43	223
10849	44	277
10851	31	0
10851	32	77
10851	34	114
10851	37	127
10851	40	145
10851	43	170
10851	44	211
10852	31	0
10852	32	130
10852	34	188
10852	37	207
10852	40	237
10852	43	277
10852	44	347
10854	31	0
10854	32	105
10854	34	152
10854	37	169
10854	40	191
10854	43	224
10854	44	278
10857	31	0
10857	32	77
10857	34	112
10857	37	124
10857	40	141
10857	43	166
10857	44	208
10858	31	0
10858	32	103
10858	34	149
10858	37	166
10858	40	189
10858	43	219
10858	44	274
10860	31	0
10860	32	130
10860	34	190
10860	37	211
10860	40	241
10860	43	279
10860	44	350
10863	31	0
10863	32	103
10863	34	150
10863	37	164
10863	40	189
10863	43	222
10863	44	279
10865	31	0
10865	32	102
10865	34	150
10865	37	165
10865	40	187
10865	43	220
10865	44	276
10866	31	0
10866	32	105
10866	34	151
10866	37	166
10866	40	191
10866	43	222
10866	44	276
10868	31	0
10868	32	78
10868	34	112
10868	37	124
10868	40	141
10868	43	163
10868	44	205
10870	31	0
10870	32	78
10870	34	113
10870	37	125
10870	40	141
10870	43	165
10870	44	207
10872	31	0
10872	32	103
10872	34	150
10872	37	166
10872	40	189
10872	43	222
10872	44	279
10873	31	0
10873	32	79
10873	34	116
10873	37	127
10873	40	145
10873	43	169
10873	44	209
10876	31	0
10876	32	105
10876	34	153
10876	37	170
10876	40	194
10876	43	227
10876	44	282
10879	31	0
10879	32	78
10879	34	115
10879	37	128
10879	40	145
10879	43	170
10879	44	210
10881	31	0
10881	32	102
10881	34	151
10881	37	167
10881	40	191
10881	43	224
10881	44	281
10884	31	0
10884	32	102
10884	34	151
10884	37	166
10884	40	188
10884	43	220
10884	44	277
10887	31	0
10887	32	77
10887	34	111
10887	37	123
10887	40	141
10887	43	165
10887	44	207
10889	31	0
10889	32	102
10889	34	150
10889	37	167
10889	40	192
10889	43	222
10889	44	277
10890	31	0
10890	32	128
10890	34	186
10890	37	205
10890	40	235
10890	43	276
10890	44	345
10892	31	0
10892	32	77
10892	34	112
10892	37	124
10892	40	141
10892	43	164
10892	44	206
10893	31	0
10893	32	104
10893	34	152
10893	37	168
10893	40	190
10893	43	221
10893	44	277
10894	47	0
10894	49	70
10894	50	110
10894	53	158
10894	56	212
10894	58	245
10894	61	278
10895	47	0
10895	49	88
10895	50	136
10895	53	195
10895	56	263
10895	58	301
10895	61	342
10896	47	0
10896	49	89
10896	50	138
10896	53	198
10896	56	266
10896	58	304
10896	61	342
10899	47	0
10899	49	70
10899	50	110
10899	53	157
10899	56	213
10899	58	244
10899	61	275
10901	47	0
10901	49	91
10901	50	140
10901	53	201
10901	56	272
10901	58	311
10903	47	0
10903	49	89
10903	50	139
10903	53	197
10903	56	268
10903	58	309
10903	61	347
10906	47	0
10906	49	88
10906	50	139
10906	53	198
10906	56	266
10906	58	306
10906	61	346
10909	47	0
10909	49	72
10909	50	112
10909	53	159
10909	56	215
10909	58	248
10909	61	281
10911	47	0
10911	49	73
10911	50	112
10911	53	160
10911	56	214
10911	58	247
10911	61	278
10913	47	0
10913	49	54
10913	50	82
10913	53	118
10913	56	160
10913	58	184
10913	61	208
10914	47	0
10914	49	72
10914	50	111
10914	53	157
10914	56	214
10914	58	246
10914	61	279
10916	47	0
10916	49	73
10916	50	112
10916	53	160
10916	56	217
10916	58	250
10916	61	280
10919	47	0
10919	49	54
10919	50	84
10919	53	120
10919	56	163
10919	58	185
10919	61	210
10921	47	0
10921	49	53
10921	50	83
10921	53	117
10921	56	159
10921	58	182
10921	61	206
10922	47	0
10922	49	54
10922	50	83
10922	53	118
10922	56	161
10922	58	185
10922	61	209
10925	47	0
10925	49	71
10925	50	110
10925	53	156
10925	56	213
10925	58	243
10925	61	275
10926	47	0
10926	49	90
10926	50	140
10926	53	198
10926	56	267
10926	58	305
10926	61	346
10928	47	0
10928	49	90
10928	50	138
10928	53	199
10928	56	268
10928	58	308
10928	61	348
10931	47	0
10931	49	71
10931	50	112
10931	53	161
10931	56	218
10931	58	249
10931	61	282
10934	47	0
10934	49	88
10934	50	138
10934	53	198
10934	56	266
10934	58	304
10934	61	342
10936	47	0
10936	49	52
10936	50	82
10936	53	119
10936	56	160
10936	58	184
10936	61	209
10939	47	0
10939	49	53
10939	50	81
10939	53	116
10939	56	158
10939	58	180
10939	61	202
10941	47	0
10941	49	70
10941	50	111
10941	53	160
10941	56	215
10941	58	245
10941	61	278
10942	47	0
10942	49	89
10942	50	139
10942	53	200
10942	56	268
10942	58	307
10942	61	345
10943	47	0
10943	49	52
10943	50	82
10943	53	117
10943	56	159
10943	58	182
10943	61	204
10946	47	0
10946	49	71
10946	50	112
10946	53	161
10946	56	215
10946	58	247
10946	61	277
10948	47	0
10948	49	53
10948	50	84
10948	53	121
10948	56	164
10948	58	186
10948	61	211
10949	47	0
10949	49	90
10949	50	140
10949	53	200
10949	56	270
10949	58	310
10949	61	349
10951	47	0
10951	49	90
10951	50	140
10951	53	198
10951	56	266
10951	58	305
10951	61	344
10953	47	0
10953	49	70
10953	50	108
10953	53	157
10953	56	214
10953	58	244
10953	61	275
10955	47	0
10955	49	55
10955	50	84
10955	53	118
10955	56	160
10955	58	185
10955	61	210
10956	47	0
10956	49	71
10956	50	109
10956	53	158
10956	56	214
10956	58	244
10956	61	274
10957	47	0
10957	49	55
10957	50	84
10957	53	121
10957	56	162
10957	58	186
10957	61	211
10959	47	0
10959	49	88
10959	50	136
10959	53	196
10959	56	266
10959	58	307
10959	61	345
10961	47	0
10961	49	70
10961	50	110
10961	53	157
10961	56	211
10961	58	242
10961	61	273
10964	47	0
10964	49	52
10964	50	82
10964	53	116
10964	56	157
10964	58	179
10964	61	201
10967	47	0
10967	49	53
10967	50	83
10967	53	117
10967	56	158
10967	58	180
10967	61	202
10970	47	0
10970	49	72
10970	50	113
10970	53	162
10970	56	219
10970	58	252
10970	61	285
10971	47	0
10971	49	52
10971	50	81
10971	53	116
10971	56	159
10971	58	181
10971	61	205
10973	47	0
10973	49	53
10973	50	82
10973	53	116
10973	56	157
10973	58	179
10973	61	204
10976	47	0
10976	49	90
10976	50	139
10976	53	199
10976	56	267
10976	58	306
10976	61	344
10978	47	0
10978	49	52
10978	50	81
10978	53	115
10978	56	158
10978	58	182
10978	61	207
10979	47	0
10979	49	54
10979	50	84
10979	53	118
10979	56	160
10979	58	185
10979	61	210
10982	47	0
10982	49	91
10982	50	141
10982	53	200
10982	56	271
10982	58	311
10982	61	349
10985	47	0
10985	49	91
10985	50	141
10985	53	199
10985	56	267
10985	58	308
10985	61	348
10986	47	0
10986	49	70
10986	50	111
10986	53	157
10986	56	211
10986	58	244
10986	61	277
10987	47	0
10987	49	54
10987	50	82
10987	53	117
10987	56	159
10987	58	183
10987	61	208
10988	47	0
10988	49	70
10988	50	111
10988	53	159
10988	56	215
10988	58	248
10988	61	280
10989	47	0
10989	49	53
10989	50	82
10989	53	116
10989	56	159
10989	58	184
10989	61	208
10990	47	0
10990	49	73
10990	50	111
10990	53	159
10990	56	214
10990	58	247
10990	61	279
10992	47	0
10992	49	71
10992	50	109
10992	53	158
10992	56	215
10992	58	246
10992	61	278
10993	47	0
10993	49	73
10993	50	113
10993	53	161
10993	56	216
10993	58	248
10993	61	280
10995	47	0
10995	49	71
10995	50	111
10995	53	160
10995	56	216
10995	58	247
10995	61	280
10996	47	0
10996	49	88
10996	50	137
10996	53	195
10996	56	266
10996	58	306
10996	61	347
10997	47	0
10997	49	54
10997	50	82
10997	53	119
10997	56	160
10997	58	182
10997	61	207
11000	47	0
11000	49	91
11000	50	141
11000	53	201
11000	56	272
11000	58	312
11000	61	350
11003	47	0
11003	49	89
11003	50	137
11003	53	195
11003	56	263
11003	58	303
11003	61	341
11004	47	0
11004	49	54
11004	50	82
11004	53	116
11004	56	157
11004	58	179
11004	61	204
11006	47	0
11006	49	73
11006	50	112
11006	53	158
11006	56	215
11006	58	246
11006	61	276
11007	47	0
11007	49	90
11007	50	139
11007	53	198
11007	56	266
11007	58	306
11007	61	346
11010	47	0
11010	49	89
11010	50	139
11010	53	199
11010	56	267
11010	58	306
11010	61	345
11013	47	0
11013	49	54
11013	50	83
11013	53	120
11013	56	163
11013	58	188
11013	61	211
11016	47	0
11016	49	71
11016	50	109
11016	53	158
11016	56	212
11016	58	244
11016	61	277
11018	47	0
11018	49	71
11018	50	112
11018	53	160
11018	56	217
11018	58	248
11018	61	278
11020	47	0
11020	49	53
11020	50	83
11020	53	120
11020	56	161
11020	58	184
11020	61	207
11022	47	0
11022	49	53
11022	50	84
11022	53	118
11022	56	160
11022	58	185
11022	61	209
11024	47	0
11024	49	53
11024	50	83
11024	53	120
11024	56	162
11024	58	186
11024	61	210
11026	47	0
11026	49	72
11026	50	111
11026	53	157
11026	56	214
11026	58	244
11026	61	274
11028	47	0
11028	49	55
11028	50	85
11028	53	119
11028	56	159
11028	58	184
11028	61	208
11029	47	0
11029	49	71
11029	50	109
11029	53	158
11029	56	214
11029	58	245
11029	61	275
11031	47	0
11031	49	90
11031	50	140
11031	53	198
11031	56	266
11031	58	306
11031	61	345
11034	47	0
11034	49	88
11034	50	138
11034	53	198
11034	56	266
11034	58	307
11034	61	347
11037	47	0
11037	49	91
11037	50	139
11037	53	198
11037	56	269
11037	58	310
11037	61	349
11040	47	0
11040	49	89
11040	50	139
11040	53	198
11040	56	268
11040	58	309
11040	61	350
11043	47	0
11043	49	54
11043	50	82
11043	53	117
11043	56	159
11043	58	184
11043	61	207
11046	47	0
11046	49	88
11046	50	139
11046	53	198
11046	56	266
11046	58	307
11046	61	345
11047	47	0
11047	49	90
11047	50	141
11047	53	202
11047	56	271
11047	58	311
11047	61	350
11050	47	0
11050	49	73
11050	50	113
11050	53	160
11050	56	215
11050	58	247
11050	61	278
11053	47	0
11053	49	73
11053	50	113
11053	53	162
11053	56	217
11053	58	247
11053	61	278
11056	47	0
11056	49	71
11056	50	109
11056	53	158
11056	56	213
11056	58	243
11056	61	276
11057	47	0
11057	49	53
11057	50	81
11057	53	118
11057	56	159
11057	58	182
11057	61	207
11059	47	0
11059	49	71
11059	50	110
11059	53	159
11059	56	214
11059	58	244
11059	61	274
11062	47	0
11062	49	53
11062	50	84
11062	53	119
11062	56	161
11062	58	184
11062	61	208
11064	47	0
11064	49	55
11064	50	84
11064	53	118
11064	56	159
11064	58	183
11064	61	208
11065	47	0
11065	49	71
11065	50	112
11065	53	161
11065	56	217
11065	58	247
11065	61	277
11068	47	0
11068	49	70
11068	50	110
11068	53	157
11068	56	211
11068	58	244
11068	61	276
11069	47	0
11069	49	55
11069	50	86
11069	53	122
11069	56	163
11069	58	188
11069	61	210
11072	47	0
11072	49	52
11072	50	82
11072	53	116
11072	56	158
11072	58	180
11072	61	202
11074	47	0
11074	49	90
11074	50	140
11074	53	201
11074	56	271
11074	58	309
11074	61	349
11076	47	0
11076	49	89
11076	50	140
11076	53	198
11076	56	267
11076	58	307
11076	61	346
11078	47	0
11078	49	91
11078	50	139
11078	53	198
11078	56	268
11078	58	306
11078	61	345
11080	47	0
11080	49	73
11080	50	111
11080	53	157
11080	56	213
11080	58	244
11080	61	276
11083	47	0
11083	49	55
11083	50	86
11083	53	120
11083	56	162
11083	58	184
11083	61	209
11084	47	0
11084	49	55
11084	50	86
11084	53	121
11084	56	164
11084	58	189
11084	61	213
11085	47	0
11085	49	72
11085	50	113
11085	53	161
11085	56	215
11085	58	246
11085	61	279
11087	47	0
11087	49	53
11087	50	83
11087	53	120
11087	56	163
11087	58	188
11087	61	211
11089	47	0
11089	49	53
11089	50	81
11089	53	118
11089	56	161
11089	58	183
11089	61	205
11090	47	0
11090	49	73
11090	50	111
11090	53	158
11090	56	213
11090	58	243
11090	61	275
11091	47	0
11091	49	71
11091	50	112
11091	53	158
11091	56	213
11091	58	246
11091	61	277
11093	47	0
11093	49	70
11093	50	108
11093	53	154
11093	56	208
11093	58	238
11093	61	269
11094	47	0
11094	49	70
11094	50	111
11094	53	157
11094	56	212
11094	58	245
11094	61	277
11097	47	0
11097	49	55
11097	50	85
11097	53	122
11097	56	163
11097	58	186
11097	61	210
11099	47	0
11099	49	55
11099	50	83
11099	53	120
11099	56	162
11099	58	187
11099	61	210
11100	47	0
11100	49	71
11100	50	109
11100	53	158
11100	56	212
11100	58	243
11100	61	276
11103	47	0
11103	49	71
11103	50	112
11103	53	158
11103	56	213
11103	58	246
11103	61	279
11104	47	0
11104	49	72
11104	50	110
11104	53	156
11104	56	212
11104	58	243
11104	61	274
11107	47	0
11107	49	52
11107	50	82
11107	53	118
11107	56	160
11107	58	183
11107	61	206
11108	47	0
11108	49	52
11108	50	82
11108	53	118
11108	56	158
11108	58	182
11108	61	204
11111	47	0
11111	49	70
11111	50	111
11111	53	159
11111	56	215
11111	58	248
11111	61	278
11112	47	0
11112	49	90
11112	50	139
11112	53	197
11112	56	267
11112	58	307
11112	61	345
11115	47	0
11115	49	71
11115	50	110
11115	53	157
11115	56	212
11115	58	242
11115	61	273
11116	47	0
11116	49	90
11116	50	139
11116	53	200
11116	56	270
11116	58	309
11116	61	349
11119	47	0
11119	49	91
11119	50	139
11119	53	198
11119	56	268
11119	58	306
11119	61	347
11122	47	0
11122	49	54
11122	50	85
11122	53	121
11122	56	162
11122	58	186
11122	61	211
11123	47	0
11123	49	70
11123	50	111
11123	53	157
11123	56	212
11123	58	244
11123	61	277
11124	47	0
11124	49	72
11124	50	110
11124	53	156
11124	56	210
11124	58	240
11124	61	270
11127	47	0
11127	49	70
11127	50	108
11127	53	157
11127	56	214
11127	58	245
11127	61	277
11128	47	0
11128	49	88
11128	50	136
11128	53	197
11128	56	268
11128	58	306
11128	61	345
11129	47	0
11129	49	91
11129	50	140
11129	53	198
11129	56	267
11129	58	305
11129	61	345
11130	47	0
11130	49	73
11130	50	113
11130	53	162
11130	56	219
11130	58	249
11130	61	281
11133	47	0
11133	49	72
11133	50	113
11133	53	159
11133	56	216
11133	58	247
11133	61	278
11135	47	0
11135	49	90
11135	50	141
11135	53	199
11135	56	267
11135	58	306
11135	61	346
11137	47	0
11137	49	72
11137	50	110
11137	53	158
11137	56	214
11137	58	245
11137	61	275
11139	47	0
11139	49	73
11139	50	112
11139	53	158
11139	56	215
11139	58	245
11139	61	275
11142	47	0
11142	49	72
11142	50	112
11142	53	160
11142	56	215
11142	58	246
11142	61	278
11145	47	0
11145	49	90
11145	50	138
11145	53	196
11145	56	265
11145	58	304
11145	61	344
11147	47	0
11147	49	72
11147	50	110
11147	53	158
11147	56	215
11147	58	246
11147	61	276
11148	47	0
11148	49	73
11148	50	114
11148	53	162
11148	56	217
11148	58	249
11148	61	282
11150	47	0
11150	49	88
11150	50	138
11150	53	197
11150	56	266
11150	58	304
11150	61	343
11153	47	0
11153	49	70
11153	50	110
11153	53	156
11153	56	210
11153	58	240
11153	61	272
11155	47	0
11155	49	88
11155	50	136
11155	53	195
11155	56	265
11155	58	304
11155	61	345
11156	47	0
11156	49	91
11156	50	140
11156	53	201
11156	56	272
11156	58	313
11156	61	353
11157	47	0
11157	49	53
11157	50	82
11157	53	119
11157	56	161
11157	58	186
11157	61	210
11158	47	0
11158	49	55
11158	50	83
11158	53	118
11158	56	158
11158	58	182
11158	61	204
11159	47	0
11159	49	55
11159	50	84
11159	53	120
11159	56	161
11159	58	186
11159	61	208
11160	47	0
11160	49	53
11160	50	83
11160	53	117
11160	56	157
11160	58	180
11160	61	202
11161	47	0
11161	49	53
11161	50	84
11161	53	120
11161	56	160
11161	58	185
11161	61	208
11163	47	0
11163	49	73
11163	50	112
11163	53	160
11163	56	217
11163	58	249
11163	61	280
11166	47	0
11166	49	70
11166	50	110
11166	53	157
11166	56	213
11166	58	243
11166	61	273
11169	47	0
11169	49	70
11169	50	111
11169	53	160
11169	56	217
11169	58	250
11169	61	280
11170	47	0
11170	49	90
11170	50	139
11170	53	198
11170	56	266
11170	58	304
11170	61	343
11172	47	0
11172	49	91
11172	50	139
11172	53	200
11172	56	270
11172	58	308
11172	61	347
11174	47	0
11174	49	70
11174	50	110
11174	53	158
11174	56	215
11174	58	247
11174	61	279
11177	47	0
11177	49	71
11177	50	111
11177	53	159
11177	56	215
11177	58	248
11177	61	279
11179	47	0
11179	49	52
11179	50	82
11179	53	117
11179	56	159
11179	58	184
11179	61	207
11182	47	0
11182	49	54
11182	50	85
11182	53	120
11182	56	160
11182	58	183
11182	61	207
11185	47	0
11185	49	72
11185	50	112
11185	53	158
11185	56	214
11185	58	247
11185	61	277
11187	47	0
11187	49	55
11187	50	83
11187	53	117
11187	56	160
11187	58	184
11187	61	209
11188	47	0
11188	49	72
11188	50	110
11188	53	159
11188	56	213
11188	58	245
11188	61	275
11189	47	0
11189	49	52
11189	50	83
11189	53	120
11189	56	161
11189	58	186
11189	61	210
11191	47	0
11191	49	53
11191	50	83
11191	53	117
11191	56	159
11191	58	182
11191	61	205
11194	47	0
11194	49	52
11194	50	82
11194	53	118
11194	56	161
11194	58	184
11194	61	208
11195	47	0
11195	49	91
11195	50	140
11195	53	200
11195	56	268
11195	58	307
11195	61	346
11198	47	0
11198	49	54
11198	50	84
11198	53	119
11198	56	162
11198	58	186
11198	61	208
11200	47	0
11200	49	70
11200	50	111
11200	53	159
11200	56	213
11200	58	245
11200	61	275
11203	47	0
11203	49	52
11203	50	82
11203	53	118
11203	56	159
11203	58	182
11203	61	204
11205	47	0
11205	49	55
11205	50	84
11205	53	120
11205	56	162
11205	58	185
11205	61	207
11207	47	0
11207	49	71
11207	50	112
11207	53	159
11207	56	215
11207	58	245
11207	61	277
11209	47	0
11209	49	72
11209	50	111
11209	53	160
11209	56	214
11209	58	244
11209	61	276
11210	47	0
11210	49	90
11210	50	138
11210	53	199
11210	56	267
11210	58	305
11210	61	344
11213	47	0
11213	49	70
11213	50	110
11213	53	159
11213	56	214
11213	58	246
11213	61	276
11214	47	0
11214	49	52
11214	50	81
11214	53	118
11214	56	160
11214	58	183
11214	61	206
11215	47	0
11215	49	54
11215	50	83
11215	53	117
11215	56	159
11215	58	182
11215	61	205
11217	47	0
11217	49	55
11217	50	83
11217	53	117
11217	56	158
11217	58	182
11217	61	204
11220	47	0
11220	49	71
11220	50	110
11220	53	157
11220	56	211
11220	58	241
11220	61	271
11222	47	0
11222	49	88
11222	50	137
11222	53	197
11222	56	266
11222	58	305
11222	61	343
11224	47	0
11224	49	73
11224	50	112
11224	53	158
11224	56	214
11224	58	247
11224	61	278
11226	47	0
11226	49	72
11226	50	110
11226	53	157
11226	56	213
11226	58	244
11226	61	275
11229	47	0
11229	49	55
11229	50	84
11229	53	121
11229	56	161
11229	58	185
11229	61	209
11231	47	0
11231	49	91
11231	50	141
11231	53	200
11231	56	269
11231	58	310
11231	61	349
11234	47	0
11234	49	90
11234	50	138
11234	53	199
11234	56	270
11234	58	310
11234	61	350
11235	47	0
11235	49	88
11235	50	136
11235	53	194
11235	56	264
11235	58	304
11235	61	344
11237	47	0
11240	47	0
11240	49	89
11240	50	137
11240	53	197
11240	56	265
11240	58	303
11240	61	342
11243	47	0
11243	49	53
11243	50	82
11243	53	119
11243	56	159
11243	58	184
11243	61	209
11245	47	0
11245	49	73
11245	50	112
11245	53	160
11245	56	216
11245	58	248
11245	61	278
11247	47	0
11247	49	71
11247	50	109
11247	53	156
11247	56	211
11247	58	242
11247	61	272
11248	47	0
11248	49	72
11248	50	111
11248	53	157
11248	56	211
11248	58	243
11248	61	274
11250	47	0
11250	49	52
11250	50	80
11250	53	116
11250	56	159
11250	58	181
11250	61	203
11252	47	0
11252	49	54
11252	50	83
11252	53	119
11252	56	162
11252	58	187
11252	61	212
11255	47	0
11255	49	73
11255	50	113
11255	53	162
11255	56	218
11255	58	248
11255	61	278
11258	47	0
11258	49	55
11258	50	86
11258	53	123
11258	56	163
11258	58	188
11258	61	212
11261	47	0
11261	49	73
11261	50	112
11261	53	159
11261	56	216
11261	58	247
11261	61	279
11264	47	0
11264	49	70
11264	50	111
11264	53	157
11264	56	214
11264	58	247
11264	61	280
11265	47	0
11265	49	71
11265	50	111
11265	53	157
11265	56	211
11265	58	243
11265	61	274
11268	47	0
11268	49	91
11268	50	139
11268	53	200
11268	56	269
11268	58	307
11268	61	347
11271	47	0
11271	49	52
11271	50	82
11271	53	117
11271	56	159
11271	58	181
11271	61	205
11273	47	0
11273	49	53
11273	50	82
11273	53	118
11273	56	161
11273	58	186
11273	61	210
11275	47	0
11275	49	90
11275	50	141
11275	53	199
11275	56	268
11275	58	308
11275	61	349
11278	47	0
11278	49	89
11278	50	138
11278	53	197
11278	56	266
11278	58	305
11278	61	345
11279	47	0
11279	49	91
11279	50	140
11279	53	198
11279	56	266
11279	58	307
11279	61	348
11281	47	0
11281	49	90
11281	50	140
11281	53	198
11281	56	267
11281	58	308
11281	61	349
11282	47	0
11282	49	72
11282	50	113
11282	53	159
11282	56	214
11282	58	244
11282	61	276
11284	47	0
11284	49	88
11284	50	136
11284	53	196
11284	56	267
11284	58	305
11284	61	345
11287	47	0
11287	49	70
11287	50	111
11287	53	158
11287	56	213
11287	58	244
11287	61	274
11288	47	0
11288	49	71
11288	50	112
11288	53	158
11288	56	214
11288	58	244
11288	61	275
11289	47	0
11289	49	91
11289	50	141
11289	53	201
11289	56	272
11289	58	312
11289	61	350
11290	47	0
11290	49	72
11290	50	111
11290	53	157
11290	56	211
11290	58	241
11290	61	273
11291	47	0
11291	49	89
11291	50	139
11291	53	197
11291	56	268
11291	58	306
11291	61	346
11293	47	0
11293	49	53
11293	50	82
11293	53	118
11293	56	161
11293	58	184
11293	61	207
11294	47	0
11294	49	55
11294	50	86
11294	53	120
11294	56	161
11294	58	185
11294	61	207
11297	47	0
11297	49	71
11297	50	109
11297	53	156
11297	56	211
11297	58	243
11297	61	276
11300	47	0
11300	49	71
11300	50	112
11300	53	158
11300	56	213
11300	58	245
11300	61	276
11301	47	0
11301	49	71
11301	50	111
11301	53	157
11301	56	211
11301	58	242
11301	61	272
11303	47	0
11303	49	70
11303	50	108
11303	53	157
11303	56	214
11303	58	245
11303	61	278
11304	62	0
11304	65	78
11304	68	117
11304	69	149
11304	70	181
11304	72	238
11304	73	276
11306	62	0
11306	65	99
11306	68	149
11306	69	187
11306	70	225
11306	72	296
11306	73	345
11309	62	0
11309	65	61
11309	68	92
11309	69	114
11309	70	136
11309	72	179
11309	73	208
11310	62	0
11310	65	78
11310	68	119
11310	69	150
11310	70	182
11310	72	238
11310	73	276
11313	62	0
11313	65	80
11313	68	118
11313	69	151
11313	70	181
11313	72	237
11313	73	277
11316	62	0
11316	65	100
11316	68	151
11316	69	189
11316	70	227
11316	72	297
11316	73	348
11317	62	0
11317	65	78
11317	68	116
11317	69	147
11317	70	178
11317	72	235
11317	73	276
11318	62	0
11318	65	61
11318	68	89
11318	69	111
11318	70	133
11318	72	176
11318	73	206
11320	62	0
11320	65	100
11320	68	148
11320	69	187
11320	70	226
11320	72	294
11320	73	345
11322	62	0
11322	65	59
11322	68	88
11322	69	112
11322	70	137
11322	72	177
11322	73	206
11324	62	0
11324	65	98
11324	68	147
11324	69	185
11324	70	226
11324	72	294
11324	73	343
11326	62	0
11326	65	78
11326	68	119
11326	69	151
11326	70	181
11326	72	235
11326	73	275
11327	62	0
11327	65	59
11327	68	89
11327	69	113
11327	70	135
11327	72	176
11327	73	207
11329	62	0
11329	65	60
11329	68	91
11329	69	113
11329	70	135
11329	72	177
11329	73	205
11331	62	0
11331	65	60
11331	68	90
11331	69	114
11331	70	138
11331	72	179
11331	73	210
11332	62	0
11332	65	101
11332	68	150
11332	69	189
11332	70	227
11332	72	297
11332	73	345
11334	62	0
11334	65	58
11334	68	86
11334	69	108
11334	70	130
11334	72	173
11334	73	204
11337	62	0
11337	65	100
11337	68	149
11337	69	188
11337	70	228
11337	72	299
11337	73	348
11338	62	0
11338	65	58
11338	68	88
11338	69	112
11338	70	135
11338	72	176
11338	73	204
11339	62	0
11339	65	78
11339	68	119
11339	69	152
11339	70	184
11339	72	241
11339	73	281
11342	62	0
11342	65	98
11342	68	148
11342	69	189
11342	70	228
11342	72	299
11342	73	350
11344	62	0
11344	65	59
11344	68	90
11344	69	114
11344	70	137
11344	72	178
11344	73	207
11346	62	0
11346	65	79
11346	68	120
11346	69	150
11346	70	182
11346	72	236
11346	73	274
11348	62	0
11348	65	79
11348	68	117
11348	69	150
11348	70	181
11348	72	235
11348	73	274
11351	62	0
11351	65	58
11351	68	89
11351	69	111
11351	70	136
11351	72	176
11351	73	206
11353	62	0
11353	65	101
11353	68	151
11353	69	192
11353	70	232
11353	72	303
11353	73	351
11356	62	0
11356	65	98
11356	68	148
11356	69	186
11356	70	226
11356	72	295
11356	73	346
11358	62	0
11358	65	59
11358	68	88
11358	69	113
11358	70	138
11358	72	178
11358	73	206
11361	62	0
11361	65	58
11361	68	89
11361	69	111
11361	70	135
11361	72	176
11361	73	204
11364	62	0
11364	65	100
11364	68	150
11364	69	190
11364	70	229
11364	72	297
11364	73	346
11366	62	0
11366	65	101
11366	68	152
11366	69	192
11366	70	231
11366	72	302
11366	73	352
11367	62	0
11367	65	101
11367	68	152
11367	69	193
11367	70	234
11367	72	303
11367	73	352
11370	62	0
11370	65	60
11370	68	91
11370	69	114
11370	70	137
11370	72	179
11370	73	207
11372	62	0
11372	65	61
11372	68	91
11372	69	115
11372	70	137
11372	72	177
11372	73	205
11375	62	0
11375	65	79
11375	68	119
11375	69	150
11375	70	182
11375	72	238
11375	73	278
11378	62	0
11378	65	99
11378	68	149
11378	69	190
11378	70	229
11378	72	299
11378	73	349
11380	62	0
11380	65	61
11380	68	89
11380	69	111
11380	70	135
11380	72	175
11380	73	206
11381	62	0
11381	65	59
11381	68	87
11381	69	112
11381	70	135
11381	72	177
11381	73	205
11382	62	0
11382	65	100
11382	68	149
11382	69	188
11382	70	228
11382	72	298
11382	73	346
11383	62	0
11383	65	60
11383	68	91
11383	69	114
11383	70	136
11383	72	176
11383	73	205
11385	62	0
11385	65	81
11385	68	122
11385	69	155
11385	70	188
11385	72	242
11385	73	281
11387	62	0
11387	65	98
11387	68	148
11387	69	187
11387	70	226
11387	72	296
11387	73	347
11390	62	0
11390	65	100
11390	68	151
11390	69	192
11390	70	230
11390	72	301
11390	73	352
11393	62	0
11393	65	80
11393	68	119
11393	69	149
11393	70	182
11393	72	239
11393	73	278
11395	62	0
11395	65	101
11395	68	150
11395	69	189
11395	70	228
11395	72	297
11395	73	347
11396	62	0
11396	65	80
11396	68	121
11396	69	152
11396	70	182
11396	72	238
11396	73	279
11399	62	0
11399	65	80
11399	68	121
11399	69	152
11399	70	182
11399	72	237
11401	62	0
11401	65	58
11401	68	86
11401	69	109
11401	70	134
11401	72	175
11401	73	205
11403	62	0
11403	65	59
11403	68	88
11403	69	113
11403	70	137
11403	72	180
11403	73	208
11406	62	0
11406	65	100
11406	68	148
11406	69	189
11406	70	228
11406	72	298
11406	73	348
11408	62	0
11408	65	98
11408	68	146
11408	69	184
11408	70	223
11408	72	293
11408	73	344
11410	62	0
11410	65	98
11410	68	149
11410	69	188
11410	70	226
11410	72	294
11410	73	345
11413	62	0
11413	65	58
11413	68	87
11413	69	111
11413	70	135
11414	62	0
11414	65	60
11414	68	89
11414	69	111
11414	70	133
11414	72	174
11414	73	204
11415	62	0
11415	65	101
11415	68	149
11415	69	190
11415	70	230
11415	72	299
11415	73	349
11417	62	0
11417	65	78
11417	68	117
11417	69	147
11417	70	177
11417	72	232
11417	73	273
11418	62	0
11418	65	99
11418	68	147
11418	69	188
11418	70	226
11418	72	296
11418	73	344
11420	62	0
11420	65	98
11420	68	149
11420	69	187
11420	70	228
11420	72	296
11420	73	346
11421	62	0
11421	65	98
11421	68	147
11421	69	188
11421	70	227
11421	72	298
11421	73	348
11422	62	0
11422	65	80
11422	68	119
11422	69	150
11422	70	182
11422	72	239
11422	73	280
11423	62	0
11423	65	101
11423	68	151
11423	69	192
11423	70	230
11423	72	298
11423	73	347
11425	62	0
11425	65	61
11425	68	90
11425	69	113
11425	70	137
11425	72	179
11425	73	208
11426	62	0
11426	65	60
11426	68	88
11426	69	112
11426	70	135
11426	72	176
11426	73	204
11428	62	0
11428	65	100
11428	68	149
11428	69	190
11428	70	230
11428	72	298
11428	73	347
11429	62	0
11429	65	101
11429	68	152
11429	69	191
11429	70	231
11429	72	299
11429	73	348
11430	62	0
11430	65	99
11430	68	150
11430	69	188
11430	70	229
11430	72	297
11430	73	347
11431	62	0
11431	65	98
11431	68	147
11431	69	188
11431	70	226
11431	72	296
11431	73	345
11432	62	0
11432	65	58
11432	68	87
11432	69	110
11432	70	135
11432	72	175
11432	73	203
11433	62	0
11433	65	60
11433	68	88
11433	69	113
11433	70	138
11433	72	178
11433	73	208
11436	62	0
11436	65	58
11436	68	87
11436	69	112
11436	70	137
11436	72	178
11436	73	208
11438	62	0
11438	65	100
11438	68	151
11438	69	191
11438	70	229
11438	72	299
11438	73	348
11441	62	0
11441	65	101
11441	68	150
11441	69	188
11441	70	229
11441	72	300
11441	73	348
11442	62	0
11442	65	59
11442	68	90
11442	69	115
11442	70	137
11442	72	178
11442	73	208
11445	62	0
11445	65	58
11445	68	86
11445	69	109
11445	70	134
11445	72	176
11445	73	204
11447	62	0
11447	65	100
11447	68	150
11447	69	190
11447	70	230
11447	72	299
11447	73	350
11449	75	0
11449	77	16
11449	80	41
11449	83	80
11449	86	105
11449	89	138
11449	92	176
11449	94	192
11449	95	225
11449	98	258
11449	101	282
11449	104	315
11449	106	348
11452	75	0
11452	77	15
11452	80	39
11452	83	78
11452	86	101
11452	89	134
11452	92	175
11452	94	189
11452	95	219
11452	98	249
11452	101	273
11452	104	304
11452	106	334
11455	75	0
11455	77	14
11455	80	39
11455	83	79
11455	86	103
11455	89	134
11455	92	175
11455	94	189
11455	95	219
11455	98	252
11455	101	274
11455	104	307
11455	106	339
11456	75	0
11456	77	17
11456	80	39
11456	83	80
11456	86	105
11456	89	137
11456	92	176
11456	94	191
11456	95	224
11456	98	255
11456	101	277
11456	104	310
11456	106	342
11459	75	0
11459	77	20
11459	80	50
11459	83	100
11459	86	129
11459	89	167
11459	92	216
11459	94	236
11459	95	274
11459	98	313
11459	101	343
11459	104	384
11459	106	425
11460	75	0
11460	77	12
11460	80	31
11460	83	62
11460	86	78
11460	89	101
11460	92	131
11460	94	144
11460	95	168
11460	98	193
11460	101	211
11460	104	235
11461	75	0
11461	77	15
11461	80	38
11461	83	76
11461	86	100
11461	89	132
11461	92	172
11461	94	187
11461	95	217
11461	98	249
11461	101	271
11461	104	302
11461	106	335
11462	75	0
11462	77	16
11462	80	41
11462	83	79
11462	86	103
11462	89	133
11462	92	173
11462	94	188
11462	95	221
11462	98	252
11462	101	276
11462	104	309
11462	106	341
11464	75	0
11464	77	19
11464	80	47
11464	83	98
11464	86	128
11464	89	166
11464	92	214
11464	94	235
11464	95	273
11464	98	311
11464	101	340
11464	104	380
11464	106	421
11466	75	0
11466	77	20
11466	80	48
11466	83	99
11466	86	130
11466	89	171
11466	92	222
11466	94	241
11466	95	279
11466	98	320
11466	101	348
11466	104	388
11466	106	428
11467	75	0
11467	77	13
11467	80	32
11467	83	62
11467	86	79
11467	89	104
11467	92	133
11467	94	145
11467	95	169
11467	98	194
11467	101	210
11467	104	233
11467	106	258
11468	75	0
11468	77	12
11468	80	28
11468	83	58
11468	86	74
11468	89	99
11468	92	130
11468	94	141
11468	95	165
11468	98	189
11468	101	208
11468	104	231
11468	106	253
11471	75	0
11471	77	15
11471	80	40
11471	83	80
11471	86	103
11471	89	134
11471	92	175
11471	94	191
11471	95	221
11471	98	251
11471	101	275
11471	104	305
11471	106	335
11473	75	0
11473	77	10
11473	80	26
11473	83	56
11473	86	73
11473	89	98
11473	92	126
11473	94	139
11473	95	163
11473	98	185
11473	101	203
11473	104	226
11473	106	251
11475	75	0
11475	77	10
11475	80	29
11475	83	59
11475	86	77
11475	89	99
11475	92	128
11475	94	138
11475	95	160
11475	98	182
11475	101	198
11475	104	221
11475	106	245
11478	75	0
11478	77	16
11478	80	38
11478	83	79
11478	86	104
11478	89	135
11478	92	173
11478	94	188
11478	95	220
11478	98	251
11478	101	274
11478	104	304
11478	106	336
11481	75	0
11481	77	11
11481	80	30
11481	83	58
11481	86	75
11481	89	97
11481	92	128
11481	94	139
11481	95	164
11481	98	188
11481	101	204
11481	104	227
11481	106	250
11482	75	0
11482	77	16
11482	80	40
11482	83	81
11482	86	105
11482	89	138
11482	92	176
11482	94	190
11482	95	220
11482	98	253
11482	101	276
11482	104	307
11482	106	338
11483	75	0
11483	77	19
11483	80	48
11483	83	97
11483	86	125
11483	89	164
11483	92	214
11483	94	233
11483	95	272
11483	98	313
11483	101	342
11483	104	380
11483	106	419
11485	75	0
11485	77	15
11485	80	40
11485	83	80
11485	86	103
11485	89	133
11485	92	174
11485	94	188
11485	95	221
11485	98	254
11485	101	278
11485	104	308
11485	106	339
11488	75	0
11488	77	14
11488	80	38
11488	83	76
11488	86	101
11488	89	132
11488	92	171
11488	94	188
11488	95	218
11488	98	250
11488	101	274
11488	104	305
11488	106	338
11491	75	0
11491	77	10
11491	80	26
11491	83	54
11491	86	72
11491	89	95
11491	92	126
11491	94	137
11491	95	159
11491	98	184
11491	101	201
11491	104	223
11491	106	246
11492	75	0
11492	77	19
11492	80	50
11492	83	101
11492	86	131
11492	89	170
11492	92	220
11492	94	239
11492	95	279
11492	98	320
11492	101	349
11492	104	388
11492	106	429
11494	75	0
11494	77	11
11494	80	28
11494	83	58
11494	86	74
11494	89	99
11494	92	130
11494	94	140
11494	95	163
11494	98	187
11494	101	204
11494	104	229
11494	106	252
11495	75	0
11495	77	15
11495	80	38
11495	83	76
11495	86	99
11495	89	131
11495	92	171
11495	94	188
11495	95	221
11495	98	251
11495	101	273
11495	104	305
11495	106	338
11496	75	0
11496	77	13
11496	80	30
11496	83	59
11496	86	77
11496	89	102
11496	92	131
11496	94	143
11496	95	165
11496	98	188
11496	101	206
11496	104	231
11496	106	256
11498	75	0
11498	77	20
11498	80	50
11498	83	98
11498	86	127
11498	89	167
11498	92	218
11498	94	238
11498	95	279
11498	98	318
11498	101	347
11498	104	388
11498	106	429
11500	75	0
11500	77	20
11500	80	49
11500	83	99
11500	86	129
11500	89	168
11500	92	218
11500	94	237
11500	95	278
11500	98	318
11500	101	349
11500	104	388
11500	106	428
11502	75	0
11502	77	13
11502	80	30
11502	83	59
11502	86	78
11502	89	103
11502	92	132
11502	94	142
11502	95	164
11502	98	187
11502	101	206
11502	104	229
11502	106	254
11505	75	0
11505	77	15
11505	80	39
11505	83	78
11505	86	100
11507	75	0
11507	77	17
11507	80	42
11507	83	83
11507	86	105
11507	89	138
11507	92	179
11507	94	196
11507	95	226
11507	98	257
11507	101	282
11507	104	315
11507	106	348
11508	75	0
11508	77	13
11508	80	31
11508	83	59
11508	86	75
11508	89	99
11508	92	127
11508	94	140
11508	95	165
11508	98	188
11508	101	205
11508	104	227
11508	106	249
11509	75	0
11509	77	14
11509	80	37
11509	83	77
11509	86	100
11509	89	130
11509	92	168
11509	94	183
11509	95	216
11509	98	249
11509	101	273
11509	104	303
11509	106	333
11510	75	0
11510	77	20
11510	80	50
11510	83	99
11510	86	128
11510	89	168
11510	92	219
11510	94	240
11510	95	278
11510	98	317
11510	101	347
11510	104	387
11510	106	428
11513	75	0
11513	77	17
11513	80	40
11513	83	80
11513	86	102
11513	89	134
11513	92	175
11513	94	192
11513	95	223
11513	98	253
11513	101	278
11513	104	311
11513	106	341
11514	75	0
11514	77	15
11514	80	39
11514	83	78
11514	86	101
11514	89	134
11514	92	175
11514	94	191
11514	95	221
11514	98	253
11514	101	276
11514	104	308
11514	106	340
11517	75	0
11517	77	13
11517	80	31
11517	83	61
11517	86	80
11517	89	104
11517	92	132
11517	94	145
11517	95	169
11517	98	194
11517	101	210
11517	104	234
11517	106	257
11520	75	0
11520	77	14
11520	80	38
11520	83	79
11520	86	101
11520	89	131
11520	92	171
11520	94	188
11520	95	218
11520	98	249
11520	101	272
11520	104	302
11520	106	334
11521	75	0
11521	77	17
11521	80	40
11521	83	81
11521	86	104
11521	89	134
11521	92	174
11521	94	191
11521	95	222
11521	98	254
11521	101	277
11521	104	309
11521	106	342
11524	75	0
11524	77	21
11524	80	49
11524	83	97
11524	86	126
11524	89	164
11524	92	212
11524	94	231
11524	95	270
11524	98	308
11524	101	339
11524	104	379
11524	106	419
11526	75	0
11526	77	10
11526	80	29
11526	83	57
11526	86	74
11526	89	99
11526	92	130
11526	94	143
11526	95	167
11526	98	192
11526	101	210
11526	104	234
11526	106	258
11528	75	0
11528	77	21
11528	80	50
11528	83	99
11528	86	127
11528	89	166
11528	92	214
11528	94	235
11528	95	275
11528	98	315
11528	101	343
11528	104	383
11528	106	423
11529	75	0
11529	77	12
11529	80	28
11529	83	57
11529	86	76
11529	89	99
11529	92	127
11529	94	140
11529	95	165
11529	98	190
11529	101	207
11529	104	229
11529	106	254
11532	75	0
11532	77	20
11532	80	50
11532	83	99
11532	86	129
11532	89	169
11532	92	217
11532	94	237
11532	95	275
11532	98	314
11532	101	345
11532	104	385
11532	106	424
11533	75	0
11533	77	10
11533	80	28
11533	83	57
11533	86	73
11533	89	98
11533	92	127
11533	94	139
11533	95	161
11533	98	183
11533	101	199
11533	104	221
11533	106	243
11534	75	0
11534	77	20
11534	80	49
11534	83	98
11534	86	128
11534	89	166
11534	92	216
11534	94	234
11534	95	274
11534	98	312
11534	101	341
11534	104	380
11534	106	420
11536	75	0
11536	77	20
11536	80	51
11536	83	101
11536	86	132
11536	89	172
11536	92	220
11536	94	241
11536	95	282
11536	98	320
11536	101	351
11536	104	392
11536	106	431
11538	75	0
11538	77	14
11538	80	38
11538	83	79
11538	86	104
11538	89	136
11538	92	175
11538	94	192
11538	95	224
11538	98	256
11538	101	279
11538	104	309
11538	106	342
11539	75	0
11539	77	12
11539	80	28
11539	83	56
11539	86	73
11539	89	95
11539	92	123
11539	94	134
11539	95	157
11539	98	180
11539	101	198
11539	104	222
11539	106	244
11541	75	0
11541	77	19
11541	80	48
11541	83	97
11541	86	126
11541	89	164
11541	92	215
11541	94	234
11541	95	273
11541	98	314
11541	101	345
11541	104	384
11541	106	425
11544	75	0
11544	77	10
11544	80	27
11544	83	56
11544	86	72
11544	89	97
11544	92	128
11544	94	141
11544	95	164
11544	98	188
11544	101	205
11544	104	227
11544	106	250
11545	75	0
11545	77	19
11545	80	50
11545	83	100
11545	86	128
11545	89	166
11545	92	216
11545	94	236
11545	95	277
11545	98	315
11545	101	346
11545	104	386
11545	106	427
11546	75	0
11546	77	21
11546	80	50
11546	83	98
11546	86	127
11546	89	166
11546	92	217
11546	94	236
11546	95	274
11546	98	315
11546	101	346
11546	104	384
11546	106	423
11549	75	0
11549	77	16
11549	80	41
11549	83	79
11549	86	101
11549	89	132
11549	92	173
11549	94	190
11549	95	221
11549	98	252
11549	101	276
11549	104	307
11549	106	339
11552	75	0
11552	77	21
11552	80	50
11552	83	100
11552	86	130
11552	89	169
11552	92	218
11552	94	237
11552	95	276
11552	98	317
11552	101	348
11552	104	389
11552	106	427
11553	75	0
11553	77	20
11553	80	50
11553	83	100
11553	86	131
11553	89	171
11553	92	219
11553	94	239
11553	95	279
11553	98	319
11553	101	350
11553	104	389
11553	106	427
11555	75	0
11555	77	10
11555	80	29
11555	83	57
11555	86	76
11555	89	100
11555	92	130
11555	94	140
11555	95	163
11555	98	188
11555	101	204
11555	104	226
11555	106	250
11556	75	0
11556	77	19
11556	80	50
11556	83	100
11556	86	131
11556	89	172
11556	92	221
11556	94	242
11556	95	281
11556	98	319
11556	101	347
11556	104	388
11556	106	427
11557	75	0
11557	77	15
11557	80	37
11557	83	77
11557	86	100
11557	89	133
11557	92	173
11557	94	188
11557	95	218
11557	98	250
11557	101	272
11557	104	305
11557	106	338
11558	75	0
11558	77	15
11558	80	37
11558	83	77
11558	86	100
11558	89	130
11558	92	169
11558	94	184
11558	95	214
11558	98	245
11558	101	269
11558	104	301
11558	106	334
11559	75	0
11559	77	18
11559	80	49
11559	83	98
11559	86	129
11559	89	169
11559	92	217
11559	94	238
11559	95	279
11559	98	319
11559	101	349
11559	104	388
11559	106	428
11561	75	0
11561	77	19
11561	80	48
11561	83	98
11561	86	126
11561	89	166
11561	92	215
11561	94	235
11561	95	276
11561	98	315
11561	101	344
11561	104	383
11561	106	423
11562	75	0
11562	77	18
11562	80	49
11562	83	98
11562	86	129
11562	89	168
11562	92	216
11562	94	235
11562	95	275
11562	98	313
11562	101	341
11562	104	380
11562	106	421
11564	75	0
11564	77	18
11564	80	49
11564	83	97
11564	86	127
11564	89	167
11564	92	218
11564	94	238
11564	95	278
11564	98	317
11564	101	347
11564	104	386
11564	106	427
11566	75	0
11566	77	19
11566	80	48
11566	83	98
11566	86	127
11566	89	165
11566	92	215
11566	94	234
11566	95	275
11566	98	315
11568	75	0
11568	77	17
11568	80	42
11568	83	83
11568	86	106
11568	89	138
11568	92	177
11568	94	194
11568	95	227
11571	75	0
11571	77	13
11571	80	32
11571	83	62
11571	86	78
11571	89	102
11571	92	132
11571	94	144
11571	95	169
11571	98	193
11571	101	211
11571	104	233
11571	106	257
11573	75	0
11573	77	15
11573	80	40
11573	83	79
11573	86	101
11573	89	133
11573	92	171
11573	94	188
11573	95	219
11573	98	249
11573	101	274
11573	104	305
11573	106	338
11575	75	0
11575	77	20
11575	80	48
11575	83	97
11575	86	128
11575	89	166
11575	92	216
11575	94	237
11575	95	276
11575	98	317
11575	101	346
11575	104	385
11575	106	424
11577	75	0
11577	77	14
11577	80	36
11577	83	74
11577	86	96
11577	89	127
11577	92	168
11577	94	185
11577	95	216
11577	98	248
11577	101	271
11577	104	303
11577	106	333
11578	75	0
11578	77	10
11578	80	28
11578	83	59
11578	86	75
11578	89	98
11578	92	128
11578	94	138
11578	95	160
11578	98	184
11578	101	203
11578	104	225
11578	106	247
11580	75	0
11580	77	10
11580	80	29
11580	83	57
11580	86	74
11580	89	96
11580	92	127
11580	94	140
11580	95	162
11580	98	185
11580	101	201
11580	104	224
11580	106	246
11581	75	0
11581	77	10
11581	80	26
11581	83	54
11581	86	70
11581	89	92
11581	92	122
11581	94	135
11581	95	159
11581	98	181
11581	101	198
11581	104	222
11581	106	244
11583	75	0
11583	77	17
11583	80	41
11583	83	79
11583	86	103
11583	89	134
11583	92	172
11583	94	187
11583	95	219
11583	98	250
11583	101	274
11583	104	304
11583	106	334
11586	75	0
11586	77	10
11586	80	27
11586	83	57
11586	86	73
11586	89	97
11586	92	126
11586	94	139
11586	95	161
11586	98	184
11586	101	203
11586	104	227
11586	106	252
11587	75	0
11587	77	10
11587	80	26
11587	83	55
11587	86	72
11587	89	95
11587	92	124
11587	94	135
11587	95	157
11587	98	182
11587	101	200
11587	104	225
11587	106	249
11589	75	0
11589	77	16
11589	80	40
11589	83	81
11589	86	104
11589	89	135
11589	92	176
11589	94	191
11589	95	223
11589	98	254
11589	101	278
11589	104	308
11589	106	339
11590	75	0
11590	77	21
11590	80	49
11590	83	100
11590	86	129
11590	89	167
11590	92	218
11590	94	237
11590	95	275
11590	98	315
11590	101	343
11590	104	381
11590	106	420
11593	75	0
11593	77	11
11593	80	28
11593	83	56
11593	86	75
11593	89	99
11593	92	128
11593	94	138
11593	95	161
11593	98	184
11593	101	203
11593	104	225
11593	106	250
11596	75	0
11596	77	18
11596	80	48
11596	83	97
11596	86	128
11596	89	166
11596	92	215
11596	94	234
11596	95	274
11596	98	313
11596	101	343
11596	104	382
11596	106	422
11599	75	0
11599	77	10
11599	80	27
11599	83	57
11599	86	76
11599	89	101
11599	92	131
11599	94	141
11599	95	165
11599	98	187
11599	101	206
11599	104	228
11599	106	250
11602	75	0
11602	77	12
11602	80	29
11602	83	59
11602	86	76
11602	89	100
11602	92	130
11602	94	143
11602	95	168
11602	98	190
11602	101	208
11602	104	230
11602	106	252
11605	75	0
11605	77	15
11605	80	40
11605	83	79
11605	86	102
11605	89	132
11605	92	173
11605	94	187
11605	95	220
11605	98	252
11605	101	275
11605	104	307
11605	106	338
11608	75	0
11608	77	16
11608	80	40
11608	83	78
11608	86	103
11608	89	135
11608	92	175
11608	94	190
11608	95	223
11608	98	255
11608	101	278
11608	104	309
11608	106	340
11610	75	0
11610	77	11
11610	80	30
11610	83	58
11610	86	75
11610	89	98
11610	92	128
11610	94	138
11610	95	163
11610	98	186
11610	101	203
11610	104	227
11610	106	252
11613	75	0
11613	77	19
11613	80	49
11613	83	100
11613	86	131
11613	89	169
11613	92	220
11613	94	238
11613	95	278
11613	98	318
11613	101	348
11613	104	387
11613	106	425
11616	75	0
11616	77	17
11616	80	41
11616	83	81
11616	86	103
11616	89	134
11616	92	174
11616	94	191
11616	95	224
11616	98	256
11616	101	278
11616	104	308
11616	106	338
11619	75	0
11619	77	10
11619	80	27
11619	83	56
11619	86	72
11619	89	97
11619	92	128
11619	94	141
11619	95	166
11619	98	189
11619	101	207
11619	104	229
11619	106	251
11622	75	0
11622	77	16
11622	80	40
11622	83	81
11622	86	104
11622	89	136
11622	92	175
11622	94	189
11622	95	222
11622	98	254
11622	101	279
11622	104	309
11622	106	339
11625	75	0
11625	77	16
11625	80	39
11625	83	78
11625	86	102
11625	89	133
11625	92	173
11625	94	190
11625	95	221
11625	98	251
11625	101	273
11625	104	306
11625	106	336
11626	75	0
11626	77	21
11626	80	50
11626	83	99
11626	86	129
11626	89	167
11626	92	215
11626	94	235
11626	95	276
11626	98	314
11626	101	345
11626	104	384
11626	106	424
11627	75	0
11627	77	15
11627	80	37
11627	83	75
11627	86	97
11627	89	130
11627	92	168
11627	94	185
11627	95	218
11627	98	250
11627	101	274
11627	104	305
11627	106	336
11630	75	0
11630	77	20
11630	80	51
11630	83	100
11630	86	129
11630	89	170
11630	92	221
11630	94	239
11630	95	277
11630	98	316
11630	101	345
11630	104	385
11630	106	426
11632	75	0
11632	77	15
11632	80	40
11632	83	81
11632	86	103
11632	89	135
11632	92	174
11632	94	190
11632	95	221
11632	98	253
11632	101	275
11632	104	305
11632	106	337
11634	75	0
11634	77	21
11634	80	50
11634	83	100
11634	86	131
11634	89	171
11634	92	219
11634	94	239
11634	95	279
11634	98	319
11634	101	347
11634	104	386
11634	106	426
11636	75	0
11636	77	16
11636	80	39
11636	83	79
11636	86	103
11636	89	135
11636	92	173
11636	94	189
11636	95	219
11636	98	249
11636	101	272
11636	104	302
11636	106	333
11638	75	0
11638	77	17
11638	80	39
11638	83	78
11638	86	102
11638	89	134
11638	92	175
11638	94	192
11638	95	223
11638	98	255
11638	101	278
11638	104	309
11638	106	342
11639	75	0
11639	77	17
11639	80	41
11639	83	79
11639	86	102
11639	89	132
11639	92	173
11639	94	190
11639	95	220
11639	98	250
11639	101	272
11639	104	305
11639	106	337
11642	75	0
11642	77	10
11642	80	27
11642	83	55
11642	86	74
11642	89	98
11642	92	126
11642	94	139
11642	95	162
11642	98	186
11642	101	202
11642	104	224
11642	106	248
11645	75	0
11645	77	18
11645	80	48
11645	83	99
11645	86	129
11645	89	169
11645	92	220
11645	94	238
11645	95	279
11645	98	318
11645	101	349
11645	104	387
11645	106	427
11646	75	0
11646	77	11
11646	80	27
11646	83	56
11646	86	73
11646	89	96
11646	92	124
11646	94	136
11646	95	160
11646	98	182
11646	101	200
11646	104	222
11646	106	247
11648	75	0
11648	77	16
11648	80	39
11648	83	77
11648	86	99
11648	89	129
11648	92	168
11648	94	185
11648	95	218
11648	98	250
11648	101	273
11648	104	304
11648	106	336
11649	75	0
11649	77	17
11649	80	40
11649	83	78
11649	86	101
11649	89	133
11649	92	171
11649	94	185
11649	95	216
11649	98	247
11649	101	270
11649	104	302
11649	106	334
11652	75	0
11652	77	21
11652	80	50
11652	83	101
11652	86	131
11652	89	170
11652	92	219
11652	94	240
11652	95	281
11652	98	319
11652	101	349
11652	104	388
11652	106	427
11653	75	0
11653	77	16
11653	80	40
11653	83	79
11653	86	104
11653	89	137
11653	92	175
11653	94	190
11653	95	223
11653	98	256
11653	101	279
11653	104	312
11653	106	343
11655	75	0
11655	77	15
11655	80	37
11655	83	76
11655	86	98
11655	89	131
11655	92	170
11655	94	184
11655	95	215
11655	98	247
11655	101	269
11655	104	300
11655	106	333
11657	75	0
11657	77	13
11657	80	31
11657	83	62
11657	86	81
11657	89	103
11657	92	133
11657	94	144
11657	95	166
11657	98	188
11657	101	204
11657	104	226
11657	106	251
11658	75	0
11658	77	11
11658	80	27
11658	83	55
11658	86	74
11658	89	99
11658	92	128
11658	94	138
11658	95	161
11658	98	185
11658	101	203
11658	104	226
11658	106	248
11661	75	0
11661	77	19
11661	80	47
11661	83	95
11661	86	126
11661	89	166
11661	92	217
11661	94	237
11661	95	278
11661	98	319
11661	101	349
11661	104	388
11661	106	427
11662	75	0
11662	77	18
11662	80	48
11662	83	97
11662	86	127
11662	89	167
11662	92	218
11662	94	236
11662	95	275
11662	98	316
11662	101	345
11662	104	386
11662	106	426
11663	75	0
11663	77	18
11663	80	47
11663	83	98
11663	86	129
11663	89	167
11663	92	215
11663	94	233
11663	95	271
11663	98	311
11663	101	339
11663	104	379
11663	106	420
11665	75	0
11665	77	19
11665	80	48
11665	83	98
11665	86	127
11665	89	167
11665	92	218
11665	94	238
11665	95	278
11665	98	316
11665	101	347
11665	104	386
11665	106	426
11666	75	0
11666	77	18
11666	80	46
11666	83	97
11666	86	126
11666	89	165
11666	92	216
11666	94	237
11666	95	275
11666	98	313
11666	101	343
11666	104	383
11666	106	422
11669	75	0
11669	77	11
11669	80	29
11669	83	60
11669	86	78
11669	89	102
11669	92	130
11669	94	141
11669	95	165
11669	98	188
11669	101	204
11669	104	229
11669	106	253
11670	75	0
11670	77	12
11670	80	28
11670	83	58
11670	86	77
11670	89	102
11670	92	132
11670	94	144
11670	95	169
11670	98	193
11670	101	209
11670	104	231
11670	106	253
11672	75	0
11672	77	14
11672	80	38
11672	83	77
11672	86	101
11672	89	133
11672	92	171
11672	94	186
11672	95	216
11672	98	246
11672	101	271
11672	104	302
11672	106	334
11675	75	0
11675	77	15
11675	80	38
11675	83	76
11675	86	98
11675	89	130
11675	92	170
11675	94	187
11675	95	220
11675	98	253
11675	101	275
11675	104	306
11675	106	339
11677	75	0
11677	77	10
11677	80	28
11677	83	57
11677	86	75
11677	89	97
11677	92	128
11677	94	141
11677	95	166
11677	98	191
11677	101	210
11677	104	235
11677	106	259
11678	75	0
11678	77	21
11678	80	49
11678	83	100
11678	86	129
11678	89	168
11678	92	218
11678	94	237
11678	95	278
11678	98	316
11678	101	345
11678	104	386
11678	106	426
11679	75	0
11679	77	21
11679	80	50
11679	83	98
11679	86	126
11679	89	166
11679	92	216
11679	94	236
11679	95	274
11679	98	313
11679	101	343
11679	104	384
11679	106	425
11680	75	0
11680	77	16
11680	80	39
11680	83	80
11680	86	102
11680	89	133
11680	92	172
11680	94	188
11680	95	219
11680	98	251
11682	75	0
11682	77	14
11682	80	36
11682	83	74
11682	86	97
11682	89	129
11682	92	170
11682	94	184
11682	95	215
11682	98	247
11682	101	269
11682	104	302
11682	106	335
11684	75	0
11684	77	20
11684	80	48
11684	83	99
11684	86	127
11684	89	166
11684	92	215
11684	94	233
11684	95	273
11684	98	314
11684	101	344
11684	104	384
11684	106	423
11685	75	0
11685	77	11
11685	80	28
11685	83	59
11685	86	77
11685	89	100
11685	92	131
11685	94	143
11685	95	165
11685	98	189
11685	101	207
11685	104	231
11685	106	256
11687	75	0
11687	77	20
11687	80	49
11687	83	97
11687	86	126
11687	89	165
11687	92	215
11687	94	236
11687	95	274
11687	98	315
11687	101	346
11687	104	384
11687	106	424
11690	75	0
11690	77	12
11690	80	28
11690	83	56
11690	86	75
11690	89	98
11690	92	129
11690	94	140
11690	95	164
11690	98	186
11690	101	203
11690	104	227
11690	106	250
11691	75	0
11691	77	13
11691	80	32
11691	83	62
11691	86	78
11691	89	103
11691	92	132
11691	94	143
11691	95	166
11691	98	188
11691	101	207
11691	104	230
11691	106	252
11693	75	0
11693	77	10
11693	80	26
11693	83	56
11693	86	73
11693	89	95
11693	92	123
11693	94	134
11693	95	159
11693	98	184
11693	101	202
11693	104	226
11693	106	249
11696	75	0
11696	77	21
11696	80	49
11696	83	97
11696	86	125
11696	89	165
11696	92	213
11696	94	233
11696	95	274
11696	98	315
11696	101	344
11696	104	384
11696	106	425
11699	75	0
11699	77	11
11699	80	27
11699	83	57
11699	86	74
11699	89	98
11699	92	127
11699	94	137
11699	95	161
11699	98	183
11699	101	199
11699	104	224
11699	106	247
11700	75	0
11700	77	21
11700	80	50
11700	83	99
11700	86	129
11700	89	167
11700	92	215
11700	94	234
11700	95	273
11700	98	311
11700	101	342
11700	104	381
11700	106	419
11703	75	0
11703	77	15
11703	80	37
11703	83	78
11703	86	102
11703	89	133
11703	92	174
11703	94	188
11703	95	220
11703	98	251
11703	101	276
11703	104	309
11703	106	342
11706	75	0
11706	77	20
11706	80	48
11706	83	98
11706	86	128
11706	89	166
11706	92	216
11706	94	236
11706	95	275
11706	98	315
11706	101	346
11706	104	387
11706	106	427
11708	75	0
11708	77	10
11708	80	28
11708	83	58
11708	86	76
11708	89	101
11708	92	131
11708	94	143
11708	95	166
11708	98	188
11708	101	206
11708	104	229
11708	106	253
11711	75	0
11711	77	12
11711	80	28
11711	83	57
11711	86	75
11711	89	97
11711	92	126
11711	94	136
11711	95	160
11711	98	183
11711	101	199
11711	104	224
11711	106	247
11712	75	0
11712	77	11
11712	80	29
11712	83	60
11712	86	78
11712	89	102
11712	92	131
11712	94	144
11712	95	166
11712	98	189
11712	101	208
11712	104	232
11712	106	257
11715	75	0
11715	77	11
11715	80	28
11715	83	58
11715	86	76
11715	89	101
11715	92	132
11715	94	142
11715	95	165
11715	98	189
11715	101	208
11715	104	230
11715	106	252
11716	75	0
11716	77	14
11716	80	39
11716	83	77
11716	86	101
11716	89	131
11716	92	170
11716	94	184
11716	95	214
11716	98	246
11716	101	270
11716	104	303
11716	106	335
11717	75	0
11717	77	14
11717	80	36
11717	83	77
11717	86	99
11717	89	129
11717	92	168
11717	94	183
11717	95	215
11717	98	246
11717	101	270
11717	104	302
11717	106	333
11718	75	0
11718	77	20
11718	80	48
11718	83	99
11718	86	130
11718	89	170
11718	92	218
11718	94	238
11718	95	279
11718	98	318
11718	101	349
11718	104	389
11718	106	427
11720	75	0
11720	77	18
11720	80	48
11720	83	99
11720	86	129
11720	89	167
11720	92	218
11720	94	236
11720	95	277
11720	98	318
11720	101	348
11720	104	388
11720	106	429
11722	75	0
11722	77	19
11722	80	48
11722	83	99
11722	86	127
11722	89	167
11722	92	216
11722	94	236
11722	95	276
11722	98	317
11722	101	347
11722	104	388
11722	106	429
11724	75	0
11724	77	15
11724	80	40
11724	83	79
11724	86	103
11724	89	135
11724	92	173
11724	94	187
11724	95	220
11724	98	253
11724	101	277
11724	104	307
11724	106	340
11727	75	0
11727	77	16
11727	80	38
11727	83	78
11727	86	100
11727	89	132
11727	92	170
11727	94	184
11727	95	215
11727	98	246
11727	101	271
11727	104	303
11727	106	335
11728	75	0
11728	77	15
11728	80	37
11728	83	77
11728	86	102
11728	89	133
11728	92	172
11728	94	186
11728	95	216
11728	98	249
11728	101	271
11728	104	302
11728	106	335
11729	75	0
11729	77	13
11729	80	31
11729	83	59
11729	86	77
11729	89	102
11729	92	132
11729	94	144
11729	95	169
11729	98	192
11729	101	208
11729	104	230
11729	106	252
11730	75	0
11730	77	18
11730	80	49
11730	83	97
11730	86	125
11730	89	164
11730	92	212
11730	94	231
11730	95	271
11730	98	310
11730	101	339
11730	104	380
11730	106	418
11733	75	0
11733	77	10
11733	80	27
11733	83	58
11733	86	75
11733	89	97
11733	92	125
11733	94	135
11733	95	159
11733	98	182
11733	101	199
11733	104	224
11733	106	249
11736	75	0
11736	77	10
11736	80	28
11736	83	57
11736	86	74
11736	89	99
11736	92	127
11736	94	140
11736	95	163
11736	98	186
11736	101	202
11736	104	225
11736	106	248
11738	75	0
11738	77	10
11738	80	27
11738	83	58
11738	86	75
11738	89	99
11738	92	129
11738	94	140
11738	95	164
11738	98	187
11738	101	203
11738	104	226
11738	106	250
11741	75	0
11741	77	19
11741	80	49
11741	83	100
11741	86	131
11741	89	169
11741	92	219
11741	94	238
11741	95	276
11741	98	315
11741	101	345
11741	104	385
11741	106	425
11744	75	0
11744	77	14
11744	80	39
11744	83	80
11744	86	105
11744	89	135
11744	92	174
11744	94	190
11744	95	221
11744	98	251
11744	101	276
11744	104	308
11744	106	338
11747	75	0
11747	77	10
11747	80	27
11747	83	55
11747	86	74
11747	89	96
11747	92	127
11747	94	140
11747	95	164
11747	98	187
11747	101	203
11747	104	225
11747	106	247
11749	75	0
11749	77	14
11749	80	38
11749	83	76
11749	86	101
11749	89	132
11749	92	171
11749	94	186
11749	95	217
11749	98	250
11749	101	272
11749	104	305
11749	106	335
11750	75	0
11750	77	17
11750	80	39
11750	83	77
11750	86	99
11750	89	131
11750	92	172
11750	94	189
11750	95	219
11750	98	249
11750	101	272
11750	104	305
11750	106	337
11751	75	0
11751	77	18
11751	80	48
11751	83	97
11751	86	126
11751	89	165
11751	92	214
11751	94	233
11751	95	273
11751	98	312
11751	101	343
11751	104	383
11751	106	424
11754	75	0
11754	77	21
11754	80	49
11754	83	99
11754	86	130
11754	89	171
11754	92	222
11754	94	241
11754	95	281
11754	98	322
11754	101	353
11754	104	392
11754	106	431
11756	75	0
11756	77	16
11756	80	38
11756	83	76
11756	86	100
11756	89	132
11756	92	170
11756	94	187
11756	95	219
11756	98	250
11756	101	275
11756	104	308
11756	106	339
11757	75	0
11757	77	17
11757	80	42
11757	83	83
11757	86	106
11760	75	0
11760	77	13
11760	80	31
11760	83	62
11760	86	78
11760	89	101
11760	92	132
11760	94	143
11760	95	168
11760	98	190
11760	101	208
11760	104	231
11760	106	255
11761	75	0
11761	77	17
11761	80	39
11761	83	80
11761	86	103
11761	89	133
11761	92	172
11761	94	187
11761	95	218
11761	98	248
11761	101	271
11761	104	301
11761	106	333
11763	75	0
11763	77	14
11763	80	39
11763	83	78
11763	86	100
11763	89	130
11763	92	171
11763	94	188
11763	95	219
11763	98	252
11763	101	276
11763	104	308
11763	106	339
11765	75	0
11765	77	18
11765	80	47
11765	83	97
11765	86	128
11765	89	169
11765	92	218
11765	94	238
11765	95	278
11765	98	319
11765	101	347
11765	104	385
11765	106	423
11766	75	0
11766	77	18
11766	80	49
11766	83	100
11766	86	130
11766	89	168
11766	92	219
11766	94	237
11766	95	278
11766	98	318
11766	101	349
11766	104	387
11766	106	428
11769	75	0
11769	77	17
11769	80	40
11769	83	81
11769	86	103
11769	89	133
11769	92	172
11769	94	186
11769	95	218
11769	98	248
11769	101	270
11769	104	303
11769	106	333
11772	75	0
11772	77	19
11772	80	47
11772	83	95
11772	86	124
11772	89	164
11772	92	215
11772	94	233
11772	95	273
11772	98	313
11772	101	341
11772	104	381
11772	106	419
11773	75	0
11773	77	11
11773	80	29
11773	83	57
11773	86	73
11773	89	95
11773	92	123
11773	94	134
11773	95	159
11773	98	182
11773	101	201
11773	104	223
11773	106	247
11774	75	0
11774	77	14
11774	80	38
11774	83	78
11774	86	101
11774	89	133
11774	92	174
11774	94	190
11774	95	221
11774	98	253
11774	101	276
11774	104	307
11774	106	337
11775	75	0
11775	77	17
11775	80	39
11775	83	80
11775	86	103
11775	89	136
11775	92	175
11775	94	192
11775	95	225
11775	98	256
11775	101	280
11775	104	313
11775	106	346
11778	75	0
11778	77	15
11778	80	40
11778	83	78
11778	86	103
11778	89	136
11778	92	175
11778	94	192
11778	95	224
11778	98	257
11778	101	281
11778	104	312
11778	106	343
11780	75	0
11780	77	20
11780	80	50
11780	83	98
11780	86	127
11780	89	168
11780	92	217
11780	94	236
11780	95	276
11780	98	316
11780	101	347
11780	104	386
11780	106	425
11781	75	0
11781	77	10
11781	80	29
11781	83	59
11781	86	76
11781	89	100
11781	92	130
11781	94	143
11781	95	166
11781	98	191
11781	101	208
11781	104	230
11781	106	254
11784	75	0
11784	77	21
11784	80	49
11784	83	97
11784	86	127
11784	89	166
11784	92	214
11784	94	235
11784	95	273
11784	98	311
11784	101	339
11784	104	380
11784	106	421
11787	75	0
11787	77	18
11787	80	48
11787	83	98
11787	86	128
11787	89	168
11787	92	219
11787	94	240
11787	95	281
11787	98	321
11787	101	352
11787	104	390
11787	106	431
11788	75	0
11788	77	21
11788	80	49
11788	83	97
11788	86	125
11788	89	163
11788	92	211
11788	94	232
11788	95	271
11788	98	312
11788	101	340
11788	104	381
11788	106	420
11790	75	0
11790	77	14
11790	80	38
11790	83	79
11790	86	102
11790	89	134
11790	92	172
11790	94	189
11790	95	222
11790	98	253
11790	101	277
11790	104	309
11790	106	341
11791	75	0
11791	77	14
11791	80	39
11791	83	79
11791	86	102
11791	89	135
11791	92	173
11791	94	187
11791	95	219
11791	98	252
11791	101	274
11791	104	304
11791	106	336
\.


--
-- Data for Name: routes; Type: TABLE DATA; Schema: public; Owner: -
--

COPY public.routes (id) FROM stdin;
1
3
6
7
9
10
\.


--
-- Name: checkpoints checkpoints_pkey; Type: CONSTRAINT; Schema: public; Owner: -
--

ALTER TABLE ONLY public.checkpoints
    ADD CONSTRAINT checkpoints_pkey PRIMARY KEY (id);


--
-- Name: events events_held_on_key; Type: CONSTRAINT; Schema: public; Owner: -
--

ALTER TABLE ONLY public.events
    ADD CONSTRAINT events_held_on_key UNIQUE (held_on);



--
-- Name: events events_pkey; Type: CONSTRAINT; Schema: public; Owner: -
--

ALTER TABLE ONLY public.events
    ADD CONSTRAINT events_pkey PRIMARY KEY (id);


--
-- Name: participants participants_pkey; Type: CONSTRAINT; Schema: public; Owner: -
--

ALTER TABLE ONLY public.participants
    ADD CONSTRAINT participants_pkey PRIMARY KEY (id);


--
-- Name: people people_name_key; Type: CONSTRAINT; Schema: public; Owner: -
--

ALTER TABLE ONLY public.people
    ADD CONSTRAINT people_name_key UNIQUE (name);


--
-- Name: people people_pkey; Type: CONSTRAINT; Schema: public; Owner: -
--

ALTER TABLE ONLY public.people
    ADD CONSTRAINT people_pkey PRIMARY KEY (id);


--
-- Name: reaches reaches_pkey; Type: CONSTRAINT; Schema: public; Owner: -
--

ALTER TABLE ONLY public.reaches
    ADD CONSTRAINT reaches_pkey PRIMARY KEY (partic_id, chkpt_id);


--
-- Name: routes routes_pkey; Type: CONSTRAINT; Schema: public; Owner: -
--

ALTER TABLE ONLY public.routes
    ADD CONSTRAINT routes_pkey PRIMARY KEY (id);


--
-- Name: checkpoints checkpoints_route_id_fkey; Type: FK CONSTRAINT; Schema: public; Owner: -
--

ALTER TABLE ONLY public.checkpoints
    ADD CONSTRAINT checkpoints_route_id_fkey FOREIGN KEY (route_id) REFERENCES public.routes(id);


--
-- Name: events events_route_id_fkey; Type: FK CONSTRAINT; Schema: public; Owner: -
--

ALTER TABLE ONLY public.events
    ADD CONSTRAINT events_route_id_fkey FOREIGN KEY (route_id) REFERENCES public.routes(id);


--
-- Name: participants participants_event_id_fkey; Type: FK CONSTRAINT; Schema: public; Owner: -
--

ALTER TABLE ONLY public.participants
    ADD CONSTRAINT participants_event_id_fkey FOREIGN KEY (event_id) REFERENCES public.events(id);


--
-- Name: participants participants_person_id_fkey; Type: FK CONSTRAINT; Schema: public; Owner: -
--

ALTER TABLE ONLY public.participants
    ADD CONSTRAINT participants_person_id_fkey FOREIGN KEY (person_id) REFERENCES public.people(id);


--
-- Name: reaches reaches_chkpt_id_fkey; Type: FK CONSTRAINT; Schema: public; Owner: -
--

ALTER TABLE ONLY public.reaches
    ADD CONSTRAINT reaches_chkpt_id_fkey FOREIGN KEY (chkpt_id) REFERENCES public.checkpoints(id);


--
-- Name: reaches reaches_partic_id_fkey; Type: FK CONSTRAINT; Schema: public; Owner: -
--

ALTER TABLE ONLY public.reaches
    ADD CONSTRAINT reaches_partic_id_fkey FOREIGN KEY (partic_id) REFERENCES public.participants(id);


--
-- PostgreSQL database dump complete
--

