--
-- PostgreSQL database dump
--

-- Dumped from database version 13.8 (Debian 13.8-0+deb11u1)
-- Dumped by pg_dump version 13.8 (Debian 13.8-0+deb11u1)

SET statement_timeout = 0;
SET lock_timeout = 0;
SET idle_in_transaction_session_timeout = 0;
SET client_encoding = 'UTF8';
SET standard_conforming_strings = on;
SELECT pg_catalog.set_config('search_path', '', false);
SET check_function_bodies = false;
SET xmloption = content;
SET client_min_messages = warning;
SET row_security = off;

SET default_tablespace = '';

SET default_table_access_method = heap;

--
-- Name: beer; Type: TABLE; Schema: public; Owner: -
--

CREATE TABLE public.beer (
    id integer NOT NULL,
    name character varying(50) NOT NULL,
    style integer NOT NULL,
    brewer integer NOT NULL
);


--
-- Name: beer_id_seq; Type: SEQUENCE; Schema: public; Owner: -
--

CREATE SEQUENCE public.beer_id_seq
    AS integer
    START WITH 1
    INCREMENT BY 1
    NO MINVALUE
    NO MAXVALUE
    CACHE 1;


--
-- Name: beer_id_seq; Type: SEQUENCE OWNED BY; Schema: public; Owner: -
--

ALTER SEQUENCE public.beer_id_seq OWNED BY public.beer.id;


--
-- Name: beerstyle; Type: TABLE; Schema: public; Owner: -
--

CREATE TABLE public.beerstyle (
    id integer NOT NULL,
    name character varying(30) NOT NULL
);


--
-- Name: beerstyle_id_seq; Type: SEQUENCE; Schema: public; Owner: -
--

CREATE SEQUENCE public.beerstyle_id_seq
    AS integer
    START WITH 1
    INCREMENT BY 1
    NO MINVALUE
    NO MAXVALUE
    CACHE 1;


--
-- Name: beerstyle_id_seq; Type: SEQUENCE OWNED BY; Schema: public; Owner: -
--

ALTER SEQUENCE public.beerstyle_id_seq OWNED BY public.beerstyle.id;


--
-- Name: brewer; Type: TABLE; Schema: public; Owner: -
--

CREATE TABLE public.brewer (
    id integer NOT NULL,
    name character varying(50) NOT NULL,
    locatedin integer NOT NULL
);


--
-- Name: brewer_id_seq; Type: SEQUENCE; Schema: public; Owner: -
--

CREATE SEQUENCE public.brewer_id_seq
    AS integer
    START WITH 1
    INCREMENT BY 1
    NO MINVALUE
    NO MAXVALUE
    CACHE 1;


--
-- Name: brewer_id_seq; Type: SEQUENCE OWNED BY; Schema: public; Owner: -
--

ALTER SEQUENCE public.brewer_id_seq OWNED BY public.brewer.id;


--
-- Name: location; Type: TABLE; Schema: public; Owner: -
--

CREATE TABLE public.location (
    id integer NOT NULL,
    state character varying(50),
    country character varying(50) NOT NULL
);


--
-- Name: location_id_seq; Type: SEQUENCE; Schema: public; Owner: -
--

CREATE SEQUENCE public.location_id_seq
    AS integer
    START WITH 1
    INCREMENT BY 1
    NO MINVALUE
    NO MAXVALUE
    CACHE 1;


--
-- Name: location_id_seq; Type: SEQUENCE OWNED BY; Schema: public; Owner: -
--

ALTER SEQUENCE public.location_id_seq OWNED BY public.location.id;


--
-- Name: ratings; Type: TABLE; Schema: public; Owner: -
--

CREATE TABLE public.ratings (
    taster integer NOT NULL,
    beer integer NOT NULL,
    score integer NOT NULL,
    CONSTRAINT validrating CHECK (((score >= 1) AND (score <= 5)))
);


--
-- Name: taster; Type: TABLE; Schema: public; Owner: -
--

CREATE TABLE public.taster (
    id integer NOT NULL,
    family character varying(30) NOT NULL,
    given character varying(30),
    livesin integer NOT NULL
);


--
-- Name: taster_id_seq; Type: SEQUENCE; Schema: public; Owner: -
--

CREATE SEQUENCE public.taster_id_seq
    AS integer
    START WITH 1
    INCREMENT BY 1
    NO MINVALUE
    NO MAXVALUE
    CACHE 1;


--
-- Name: taster_id_seq; Type: SEQUENCE OWNED BY; Schema: public; Owner: -
--

ALTER SEQUENCE public.taster_id_seq OWNED BY public.taster.id;


--
-- Name: beer id; Type: DEFAULT; Schema: public; Owner: -
--

ALTER TABLE ONLY public.beer ALTER COLUMN id SET DEFAULT nextval('public.beer_id_seq'::regclass);


--
-- Name: beerstyle id; Type: DEFAULT; Schema: public; Owner: -
--

ALTER TABLE ONLY public.beerstyle ALTER COLUMN id SET DEFAULT nextval('public.beerstyle_id_seq'::regclass);


--
-- Name: brewer id; Type: DEFAULT; Schema: public; Owner: -
--

ALTER TABLE ONLY public.brewer ALTER COLUMN id SET DEFAULT nextval('public.brewer_id_seq'::regclass);


--
-- Name: location id; Type: DEFAULT; Schema: public; Owner: -
--

ALTER TABLE ONLY public.location ALTER COLUMN id SET DEFAULT nextval('public.location_id_seq'::regclass);


--
-- Name: taster id; Type: DEFAULT; Schema: public; Owner: -
--

ALTER TABLE ONLY public.taster ALTER COLUMN id SET DEFAULT nextval('public.taster_id_seq'::regclass);


--
-- Data for Name: beer; Type: TABLE DATA; Schema: public; Owner: -
--

COPY public.beer (id, name, style, brewer) FROM stdin;
1	Rasputin	10	9
2	80/-	13	11
3	Sierra Nevada Pale Ale	3	6
4	Old Tire	11	7
5	Old	12	3
6	New	1	3
7	Fosters	1	1
8	James Squire Amber Ale	12	12
9	James Squire Pilsener	2	12
10	Burragorang Bock	5	4
11	Scharer's Lager	1	4
12	Chimay Red	9	10
13	Chimay Blue	9	10
14	Victoria Bitter	1	1
15	Sterling	1	1
16	Empire	1	1
17	Premium Light	1	14
18	Sparkling Ale	12	13
19	Sheaf Stout	3	3
20	Crown Lager	1	1
21	Bigfoot Barley Wine	4	6
22	James Squire Porter	7	12
23	Redback	14	5
24	XXXX	1	2
25	Red	1	3
\.


--
-- Data for Name: beerstyle; Type: TABLE DATA; Schema: public; Owner: -
--

COPY public.beerstyle (id, name) FROM stdin;
1	Lager
2	Pilsner
3	Pale Ale
4	Barleywine
5	Bock
6	Stout
7	Porter
8	Bitter
9	Trappist
10	Imperial Stout
11	Lambic
12	Ale
13	Scotch Ale
14	Wheat Beer
\.


--
-- Data for Name: brewer; Type: TABLE DATA; Schema: public; Owner: -
--

COPY public.brewer (id, name, locatedin) FROM stdin;
1	Carlton and United	2
2	Castlemaine/Perkins	3
3	Toohey's	1
4	Scharer's Little Brewery	1
5	Matilda Bay Brewing	4
6	Sierra Nevada	5
7	New Glarus Brewing	6
8	Pete's	5
9	North Coast Brewing	5
10	Chimay	9
11	Calendonian Brewing	8
12	Maltshovel Brewery	1
13	Cooper's	10
14	Cascade	11
\.


--
-- Data for Name: location; Type: TABLE DATA; Schema: public; Owner: -
--

COPY public.location (id, state, country) FROM stdin;
1	New South Wales	Australia
2	Victoria	Australia
3	Queensland	Australia
4	Western Australia	Australia
5	California	U.S.A.
6	Wisconsin	U.S.A.
7	\N	England
8	\N	Scotland
9	\N	Belgium
10	South Australia	Australia
11	Tasmania	Australia
12	Oregon	U.S.A.
13	Wisconsin	U.S.A.
14	Texas	U.S.A.
\.


--
-- Data for Name: ratings; Type: TABLE DATA; Schema: public; Owner: -
--

COPY public.ratings (taster, beer, score) FROM stdin;
1	1	4
1	2	4
1	3	5
1	12	3
1	14	1
1	16	3
1	20	2
2	14	1
2	5	4
2	6	1
3	1	1
3	10	3
3	3	4
4	10	4
4	11	3
4	14	1
4	5	3
4	6	2
4	8	3
4	9	3
5	4	5
5	3	3
5	1	3
6	21	3
6	3	4
7	3	4
7	7	3
8	16	3
8	9	4
8	23	4
9	24	5
10	23	5
\.


--
-- Data for Name: taster; Type: TABLE DATA; Schema: public; Owner: -
--

COPY public.taster (id, family, given, livesin) FROM stdin;
1	Shepherd	John	1
2	Wiggins	Adam	1
3	Ullman	Jeff	5
4	Claughton	Sarah	7
5	Ramakrishnan	Raghu	13
6	Elmasri	Ramez	14
7	Garcia-Molina	Hector	5
8	Richardson	Geoff	2
9	Beatty	Peter	3
10	Porteous	Rose	4
\.


--
-- Name: beer_id_seq; Type: SEQUENCE SET; Schema: public; Owner: -
--

SELECT pg_catalog.setval('public.beer_id_seq', 25, true);


--
-- Name: beerstyle_id_seq; Type: SEQUENCE SET; Schema: public; Owner: -
--

SELECT pg_catalog.setval('public.beerstyle_id_seq', 14, true);


--
-- Name: brewer_id_seq; Type: SEQUENCE SET; Schema: public; Owner: -
--

SELECT pg_catalog.setval('public.brewer_id_seq', 14, true);


--
-- Name: location_id_seq; Type: SEQUENCE SET; Schema: public; Owner: -
--

SELECT pg_catalog.setval('public.location_id_seq', 14, true);


--
-- Name: taster_id_seq; Type: SEQUENCE SET; Schema: public; Owner: -
--

SELECT pg_catalog.setval('public.taster_id_seq', 10, true);


--
-- Name: beer beer_pkey; Type: CONSTRAINT; Schema: public; Owner: -
--

ALTER TABLE ONLY public.beer
    ADD CONSTRAINT beer_pkey PRIMARY KEY (id);


--
-- Name: beerstyle beerstyle_pkey; Type: CONSTRAINT; Schema: public; Owner: -
--

ALTER TABLE ONLY public.beerstyle
    ADD CONSTRAINT beerstyle_pkey PRIMARY KEY (id);


--
-- Name: brewer brewer_pkey; Type: CONSTRAINT; Schema: public; Owner: -
--

ALTER TABLE ONLY public.brewer
    ADD CONSTRAINT brewer_pkey PRIMARY KEY (id);


--
-- Name: location location_pkey; Type: CONSTRAINT; Schema: public; Owner: -
--

ALTER TABLE ONLY public.location
    ADD CONSTRAINT location_pkey PRIMARY KEY (id);


--
-- Name: taster taster_pkey; Type: CONSTRAINT; Schema: public; Owner: -
--

ALTER TABLE ONLY public.taster
    ADD CONSTRAINT taster_pkey PRIMARY KEY (id);


--
-- Name: beer beer_brewer_fkey; Type: FK CONSTRAINT; Schema: public; Owner: -
--

ALTER TABLE ONLY public.beer
    ADD CONSTRAINT beer_brewer_fkey FOREIGN KEY (brewer) REFERENCES public.brewer(id);


--
-- Name: beer beer_style_fkey; Type: FK CONSTRAINT; Schema: public; Owner: -
--

ALTER TABLE ONLY public.beer
    ADD CONSTRAINT beer_style_fkey FOREIGN KEY (style) REFERENCES public.beerstyle(id);


--
-- Name: brewer brewer_locatedin_fkey; Type: FK CONSTRAINT; Schema: public; Owner: -
--

ALTER TABLE ONLY public.brewer
    ADD CONSTRAINT brewer_locatedin_fkey FOREIGN KEY (locatedin) REFERENCES public.location(id);


--
-- Name: ratings ratings_beer_fkey; Type: FK CONSTRAINT; Schema: public; Owner: -
--

ALTER TABLE ONLY public.ratings
    ADD CONSTRAINT ratings_beer_fkey FOREIGN KEY (beer) REFERENCES public.beer(id);


--
-- Name: ratings ratings_taster_fkey; Type: FK CONSTRAINT; Schema: public; Owner: -
--

ALTER TABLE ONLY public.ratings
    ADD CONSTRAINT ratings_taster_fkey FOREIGN KEY (taster) REFERENCES public.taster(id);


--
-- Name: taster taster_livesin_fkey; Type: FK CONSTRAINT; Schema: public; Owner: -
--

ALTER TABLE ONLY public.taster
    ADD CONSTRAINT taster_livesin_fkey FOREIGN KEY (livesin) REFERENCES public.location(id);


--
-- PostgreSQL database dump complete
--

